/* GENERATED by tools/make_ui_font.py -- do not edit by hand.
 *
 * Inter, subset to the UI's glyph set and instanced to two static
 * weights.  Copyright (c) The Inter Project Authors; licensed under the
 * SIL Open Font License 1.1 -- the full text ships beside this file as
 * Inter-OFL.txt.
 *
 * Material Symbols Outlined, subset to the eight icons the menu draws.
 * Copyright (c) Google Inc; licensed under Apache 2.0 -- the full text
 * ships beside this file as MaterialSymbols-LICENSE.txt.
 *
 * Both are reproduced in the top-level NOTICE.
 */
#ifndef PSX_UI_FONT_DATA_H
#define PSX_UI_FONT_DATA_H

static const unsigned char PSX_UI_FONT_REGULAR_TTF[10584] = {
    0x00,0x01,0x00,0x00,0x00,0x0c,0x00,0x80,0x00,0x03,0x00,0x40,0x4f,0x53,0x2f,0x32,
    0xf1,0x17,0x1a,0x9a,0x00,0x00,0x01,0x48,0x00,0x00,0x00,0x60,0x63,0x6d,0x61,0x70,
    0xd8,0x7e,0x49,0x56,0x00,0x00,0x03,0x70,0x00,0x00,0x00,0xf6,0x67,0x61,0x73,0x70,
    0x00,0x00,0x00,0x10,0x00,0x00,0x29,0x50,0x00,0x00,0x00,0x08,0x67,0x6c,0x79,0x66,
    0x78,0x99,0xf2,0xe8,0x00,0x00,0x05,0x58,0x00,0x00,0x23,0x7c,0x68,0x65,0x61,0x64,
    0x30,0x2e,0xfe,0x06,0x00,0x00,0x00,0xcc,0x00,0x00,0x00,0x36,0x68,0x68,0x65,0x61,
    0x0f,0xa9,0x0c,0x99,0x00,0x00,0x01,0x04,0x00,0x00,0x00,0x24,0x68,0x6d,0x74,0x78,
    0xff,0x94,0x3b,0x53,0x00,0x00,0x01,0xa8,0x00,0x00,0x01,0xc8,0x6c,0x6f,0x63,0x61,
    0x36,0xcc,0x2d,0x82,0x00,0x00,0x04,0x70,0x00,0x00,0x00,0xe6,0x6d,0x61,0x78,0x70,
    0x00,0x83,0x00,0x80,0x00,0x00,0x01,0x28,0x00,0x00,0x00,0x20,0x6e,0x61,0x6d,0x65,
    0x04,0xfd,0x11,0x89,0x00,0x00,0x28,0xd4,0x00,0x00,0x00,0x5c,0x70,0x6f,0x73,0x74,
    0xfe,0xa7,0x00,0x8c,0x00,0x00,0x29,0x30,0x00,0x00,0x00,0x20,0x70,0x72,0x65,0x70,
    0x68,0x06,0x8c,0x85,0x00,0x00,0x04,0x68,0x00,0x00,0x00,0x07,0x00,0x01,0x00,0x00,
    0x00,0x04,0x00,0x42,0x84,0x97,0x45,0xde,0x5f,0x0f,0x3c,0xf5,0x00,0x03,0x08,0x00,
    0x00,0x00,0x00,0x00,0xe2,0x76,0x87,0x90,0x00,0x00,0x00,0x00,0xe6,0xb8,0x2b,0x6a,
    0xff,0xe6,0xfe,0x20,0x08,0x00,0x07,0xb2,0x00,0x00,0x00,0x03,0x00,0x02,0x00,0x00,
    0x00,0x00,0x00,0x00,0x00,0x01,0x00,0x00,0x07,0xc0,0xfe,0x12,0x00,0x00,0x08,0x00,
    0xff,0xe6,0xfe,0x15,0x08,0x00,0x08,0x00,0x00,0x00,0x00,0x00,0x00,0x00,0x00,0x00,
    0x00,0x00,0x00,0x00,0x00,0x00,0x00,0x72,0x00,0x01,0x00,0x00,0x00,0x72,0x00,0x5a,
    0x00,0x0a,0x00,0x24,0x00,0x03,0x00,0x01,0x00,0x00,0x00,0x00,0x00,0x00,0x00,0x00,
    0x00,0x00,0x00,0x00,0x00,0x03,0x00,0x01,0x00,0x04,0x05,0x1f,0x01,0x90,0x00,0x05,
    0x00,0x00,0x05,0x33,0x04,0xcd,0x00,0x00,0x00,0x9a,0x05,0x33,0x04,0xcd,0x00,0x00,
    0x02,0xcd,0x00,0x8c,0x02,0x9f,0x00,0x00,0x02,0x00,0x05,0x03,0x00,0x00,0x00,0x02,
    0x00,0x04,0x80,0x00,0x00,0x03,0x00,0x00,0x80,0x20,0x00,0x00,0x00,0x00,0x00,0x00,
    0x00,0x00,0x52,0x53,0x4d,0x53,0x00,0xc0,0x00,0x20,0x27,0x13,0x07,0xc0,0xfe,0x12,
    0x00,0x00,0x08,0xdd,0x02,0x94,0x00,0x00,0x00,0x01,0x00,0x00,0x00,0x00,0x04,0x5e,
    0x05,0xd2,0x00,0x00,0x00,0x20,0x00,0x0c,0x05,0x40,0x01,0x48,0x05,0x85,0x00,0x34,
    0x05,0x3c,0x00,0xb4,0x05,0xd8,0x00,0x7a,0x05,0xc6,0x00,0xb4,0x04,0xcf,0x00,0xb4,
    0x04,0xb9,0x00,0xb4,0x05,0xf8,0x00,0x7a,0x05,0xf2,0x00,0xb4,0x02,0x26,0x00,0xb4,
    0x04,0x91,0x00,0x64,0x05,0x60,0x00,0xb4,0x04,0x86,0x00,0xb4,0x07,0x3a,0x00,0xb4,
    0x06,0x07,0x00,0xb4,0x06,0x1e,0x00,0x7a,0x05,0x1c,0x00,0xb4,0x06,0x1e,0x00,0x7a,
    0x05,0x26,0x00,0xb4,0x05,0x22,0x00,0x74,0x05,0x2a,0x00,0x62,0x05,0xf4,0x00,0xb4,
    0x05,0x85,0x00,0x34,0x07,0xe2,0x00,0x34,0x05,0x75,0x00,0x39,0x05,0x6e,0x00,0x34,
    0x05,0x08,0x00,0x7a,0x04,0x7e,0x00,0x5a,0x04,0xe6,0x00,0x9e,0x04,0x92,0x00,0x68,
    0x04,0xe6,0x00,0x68,0x04,0xaa,0x00,0x68,0x02,0xf6,0x00,0x14,0x04,0xe8,0x00,0x68,
    0x04,0xbb,0x00,0x9e,0x01,0xf0,0x00,0x7c,0x01,0xf0,0x00,0x9e,0x01,0xf0,0xff,0xe6,
    0x01,0xf0,0xff,0xe6,0x04,0x64,0x00,0x9e,0x01,0xf0,0x00,0x9e,0x07,0x02,0x00,0x9e,
    0x04,0xba,0x00,0x9e,0x04,0xcc,0x00,0x68,0x04,0xe6,0x00,0x9e,0x04,0xe6,0x00,0x68,
    0x03,0x03,0x00,0x9e,0x04,0x39,0x00,0x6c,0x02,0x9e,0x00,0x14,0x04,0xbb,0x00,0x9e,
    0x04,0x7f,0x00,0x36,0x06,0x8c,0x00,0x46,0x04,0x5e,0x00,0x41,0x04,0x7f,0x00,0x36,
    0x04,0x6b,0x00,0x7e,0x05,0x22,0x00,0x74,0x05,0x0c,0x00,0x7a,0x03,0x41,0x00,0x60,
    0x04,0xe1,0x00,0x9a,0x04,0xf1,0x00,0x7d,0x05,0x2b,0x00,0x78,0x04,0xbf,0x00,0x80,
    0x04,0xf6,0x00,0x7a,0x04,0x87,0x00,0x62,0x04,0xf3,0x00,0x7a,0x04,0xf6,0x00,0x7a,
    0x05,0x27,0x00,0x68,0x02,0x4d,0x00,0xa0,0x04,0x17,0x00,0x52,0x02,0xeb,0x00,0xda,
    0x02,0xeb,0x00,0x60,0x02,0xeb,0x00,0xe2,0x02,0xeb,0x00,0x7b,0x03,0x69,0x00,0x90,
    0x03,0x69,0x00,0x7b,0x07,0xba,0x00,0x7a,0x05,0x11,0x00,0x22,0x02,0xe2,0x00,0x2e,
    0x02,0xa9,0x01,0x06,0x02,0xe2,0x00,0x2e,0x03,0xae,0x00,0x90,0x04,0x00,0x00,0x00,
    0x08,0x00,0x00,0x00,0x04,0x80,0x01,0x00,0x02,0x16,0x00,0xa0,0x02,0x16,0x00,0xa0,
    0x02,0x66,0x00,0xd2,0x03,0xba,0x00,0xd2,0x03,0x86,0x00,0xa0,0x03,0x86,0x00,0xa0,
    0x02,0x4e,0x00,0x80,0x02,0x4e,0x00,0xa0,0x06,0xea,0x00,0xa0,0x02,0x4e,0x00,0xa0,
    0x02,0x6a,0x00,0x80,0x05,0x4b,0x00,0xae,0x05,0x4b,0x00,0xed,0x05,0x4b,0x00,0xe2,
    0x05,0x4b,0x00,0xc3,0x05,0x4b,0x00,0xd2,0x05,0x4b,0x00,0xa6,0x03,0xa6,0x00,0x00,
    0x03,0xc5,0x00,0x52,0x04,0x02,0x00,0x72,0x07,0xdb,0x00,0xe6,0x02,0x95,0x00,0x96,
    0x00,0x00,0x00,0x96,0x02,0x40,0x00,0x00,0x07,0xa2,0x00,0xca,0x07,0xa2,0x01,0x00,
    0x06,0xac,0x00,0xca,0x06,0xac,0x00,0xca,0x07,0x13,0x00,0xde,0x00,0x00,0x00,0x7a,
    0x00,0x00,0x00,0x02,0x00,0x00,0x00,0x03,0x00,0x00,0x00,0x14,0x00,0x03,0x00,0x01,
    0x00,0x00,0x00,0x14,0x00,0x04,0x00,0xe2,0x00,0x00,0x00,0x22,0x00,0x20,0x00,0x04,
    0x00,0x02,0x00,0x2f,0x00,0x39,0x00,0x40,0x00,0x5a,0x00,0x60,0x00,0x69,0x00,0x7a,
    0x00,0x7e,0x00,0xd7,0x20,0x14,0x20,0x19,0x20,0x1d,0x20,0x22,0x20,0x26,0x21,0x93,
    0x27,0x13,0xff,0xff,0x00,0x00,0x00,0x20,0x00,0x30,0x00,0x3a,0x00,0x41,0x00,0x5b,
    0x00,0x61,0x00,0x6a,0x00,0x7b,0x00,0xd7,0x20,0x13,0x20,0x18,0x20,0x1c,0x20,0x22,
    0x20,0x26,0x21,0x90,0x27,0x13,0xff,0xff,0x00,0x00,0x00,0x08,0x00,0x00,0xff,0xc0,
    0x00,0x00,0xff,0xba,0xff,0xbc,0x00,0x00,0xff,0x8c,0xe0,0x3e,0xe0,0x3c,0xe0,0x3c,
    0xe0,0x31,0xe0,0x36,0x00,0x00,0xd9,0x5d,0x00,0x01,0x00,0x22,0x00,0x00,0x00,0x3e,
    0x00,0x00,0x00,0x48,0x00,0x00,0x00,0x00,0x00,0x4e,0x00,0x00,0x00,0x00,0x00,0x00,
    0x00,0x00,0x00,0x00,0x00,0x00,0x00,0x48,0x00,0x00,0x00,0x00,0x00,0x6b,0x00,0x43,
    0x00,0x57,0x00,0x4c,0x00,0x37,0x00,0x68,0x00,0x42,0x00,0x56,0x00,0x45,0x00,0x46,
    0x00,0x67,0x00,0x62,0x00,0x5a,0x00,0x50,0x00,0x5b,0x00,0x4d,0x00,0x5d,0x00,0x5e,
    0x00,0x5f,0x00,0x61,0x00,0x60,0x00,0x44,0x00,0x4b,0x00,0x47,0x00,0x4f,0x00,0x48,
    0x00,0x66,0x00,0x65,0x00,0x69,0x00,0x49,0x00,0x4e,0x00,0x4a,0x00,0x64,0x00,0x6c,
    0x00,0x6e,0x00,0x6d,0x00,0x6f,0x00,0x00,0xb8,0x01,0xff,0x85,0xb0,0x04,0x8d,0x00,
    0x00,0x00,0x00,0x6a,0x00,0x8f,0x00,0xcc,0x01,0x06,0x01,0x34,0x01,0x4b,0x01,0x60,
    0x01,0x9e,0x01,0xb5,0x01,0xc3,0x01,0xe0,0x02,0x0d,0x02,0x1c,0x02,0x63,0x02,0x90,
    0x02,0xc8,0x02,0xee,0x03,0x33,0x03,0x62,0x03,0xac,0x03,0xbe,0x03,0xe3,0x04,0x02,
    0x04,0x42,0x04,0x7a,0x04,0x9c,0x04,0xc6,0x05,0x18,0x05,0x53,0x05,0x8c,0x05,0xc7,
    0x06,0x03,0x06,0x28,0x06,0x76,0x06,0x9c,0x06,0xa7,0x06,0xb3,0x06,0xcb,0x06,0xd6,
    0x06,0xf9,0x07,0x07,0x07,0x43,0x07,0x69,0x07,0x9d,0x07,0xd9,0x08,0x15,0x08,0x35,
    0x08,0x77,0x08,0x9a,0x08,0xbf,0x08,0xdd,0x09,0x1b,0x09,0x4d,0x09,0x7d,0x09,0x95,
    0x09,0xe6,0x0a,0x1c,0x0a,0x30,0x0a,0x61,0x0a,0xab,0x0a,0xcb,0x0b,0x06,0x0b,0x52,
    0x0b,0x65,0x0b,0xc1,0x0c,0x0e,0x0c,0x6d,0x0c,0x8b,0x0c,0xcf,0x0c,0xf1,0x0d,0x13,
    0x0d,0x25,0x0d,0x37,0x0d,0x78,0x0d,0xba,0x0e,0x3d,0x0e,0x63,0x0e,0x73,0x0e,0x81,
    0x0e,0x90,0x0e,0x9d,0x0e,0xaa,0x0e,0xb7,0x0e,0xd4,0x0e,0xe2,0x0e,0xf0,0x0e,0xfe,
    0x0f,0x0a,0x0f,0x16,0x0f,0x22,0x0f,0x2b,0x0f,0x41,0x0f,0x51,0x0f,0x5d,0x0f,0x6a,
    0x0f,0x82,0x0f,0x9c,0x0f,0xb0,0x0f,0xc4,0x0f,0xdc,0x10,0x09,0x10,0x15,0x10,0x31,
    0x10,0x5a,0x10,0xbd,0x10,0xc5,0x10,0xd4,0x10,0xd4,0x11,0x04,0x11,0x33,0x11,0x63,
    0x11,0x94,0x11,0xa8,0x11,0xbe,0x00,0x00,0x00,0x0a,0x01,0x48,0xfe,0x60,0x03,0xf8,
    0x07,0x40,0x00,0x03,0x00,0x0d,0x00,0x11,0x00,0x15,0x00,0x21,0x00,0x27,0x00,0x31,
    0x00,0x35,0x00,0x3b,0x00,0x47,0x00,0x00,0x41,0x21,0x11,0x21,0x01,0x15,0x21,0x35,
    0x23,0x37,0x35,0x21,0x15,0x33,0x03,0x11,0x21,0x11,0x07,0x23,0x35,0x33,0x01,0x11,
    0x21,0x11,0x23,0x15,0x33,0x35,0x33,0x15,0x23,0x35,0x27,0x15,0x21,0x35,0x23,0x15,
    0x25,0x15,0x33,0x35,0x33,0x35,0x21,0x15,0x33,0x15,0x11,0x23,0x35,0x33,0x27,0x15,
    0x21,0x35,0x23,0x35,0x27,0x15,0x21,0x35,0x23,0x35,0x33,0x35,0x21,0x15,0x33,0x15,
    0x03,0xf8,0xfd,0x50,0x02,0xb0,0xfe,0x08,0x01,0x40,0xd7,0xd7,0xfe,0xc0,0xd8,0xd8,
    0x01,0x40,0x40,0xc0,0xc0,0xff,0x00,0x01,0x40,0xc0,0x40,0x40,0xc0,0x40,0x01,0x40,
    0x40,0xff,0x00,0xc0,0x80,0xfe,0xc0,0x80,0x40,0x40,0x80,0x01,0x40,0x80,0xc0,0x01,
    0x40,0x90,0x90,0xfe,0xc0,0x70,0xfe,0x60,0x08,0xe0,0xf8,0x00,0x40,0x40,0x7f,0x41,
    0x40,0x01,0x80,0xff,0x00,0x01,0x00,0xc0,0x80,0x01,0xc0,0xff,0x00,0x01,0x00,0x80,
    0x40,0x80,0xc0,0x80,0x40,0xe0,0xa0,0x80,0x40,0xa0,0x40,0x40,0x60,0x01,0x20,0x60,
    0x40,0xe0,0x40,0xa0,0x80,0x40,0x40,0x60,0x40,0x40,0x60,0x00,0x00,0x02,0x00,0x34,
    0x00,0x00,0x05,0x51,0x05,0xd2,0x00,0x0d,0x00,0x11,0x00,0x00,0x73,0x01,0x33,0x01,
    0x23,0x01,0x26,0x26,0x27,0x33,0x06,0x06,0x07,0x01,0x13,0x35,0x21,0x15,0x34,0x02,
    0x1d,0xdc,0x02,0x24,0xc8,0xfe,0xc4,0x1d,0x4d,0x37,0x24,0x36,0x4f,0x1a,0xfe,0xcd,
    0x46,0x02,0xfd,0x05,0xd2,0xfa,0x2e,0x03,0x74,0x52,0xf5,0xbe,0xc0,0xf9,0x4c,0xfc,
    0x8c,0x01,0xa0,0xa6,0xa6,0x00,0x00,0x03,0x00,0xb4,0x00,0x00,0x04,0xc8,0x05,0xd2,
    0x00,0x13,0x00,0x1d,0x00,0x27,0x00,0x00,0x73,0x11,0x21,0x32,0x16,0x16,0x15,0x14,
    0x06,0x06,0x07,0x15,0x1e,0x02,0x15,0x14,0x06,0x06,0x23,0x25,0x21,0x32,0x36,0x35,
    0x34,0x26,0x26,0x23,0x21,0x35,0x21,0x32,0x36,0x36,0x35,0x34,0x26,0x23,0x21,0xb4,
    0x02,0x10,0x9c,0xcb,0x63,0x44,0x6f,0x41,0x46,0x8b,0x5d,0x67,0xdc,0xb0,0xfe,0x9d,
    0x01,0x5e,0xae,0x93,0x4c,0x8b,0x60,0xfe,0x98,0x01,0x48,0x50,0x82,0x4c,0x87,0x91,
    0xfe,0xb2,0x05,0xd2,0x6b,0xb3,0x6d,0x60,0x7d,0x4a,0x12,0x0e,0x04,0x58,0xa2,0x75,
    0x70,0xb4,0x69,0xa8,0x86,0x61,0x4b,0x7e,0x4c,0xa0,0x3f,0x73,0x4d,0x61,0x86,0x00,
    0x00,0x01,0x00,0x7a,0xff,0xec,0x05,0x68,0x05,0xe6,0x00,0x25,0x00,0x00,0x45,0x22,
    0x24,0x02,0x35,0x34,0x12,0x24,0x33,0x32,0x1e,0x02,0x17,0x23,0x2e,0x03,0x23,0x22,
    0x06,0x02,0x15,0x14,0x12,0x16,0x33,0x32,0x3e,0x02,0x37,0x33,0x0e,0x03,0x03,0x0f,
    0xbf,0xfe,0xd5,0xab,0xab,0x01,0x2b,0xbf,0x71,0xc9,0xa0,0x6b,0x14,0xbe,0x10,0x4d,
    0x6f,0x86,0x49,0x86,0xd8,0x7e,0x7f,0xd8,0x85,0x49,0x86,0x6f,0x4d,0x10,0xbe,0x13,
    0x6b,0xa0,0xc9,0x14,0xb9,0x01,0x57,0xec,0xed,0x01,0x57,0xba,0x42,0x7f,0xb5,0x73,
    0x4d,0x74,0x50,0x28,0x88,0xfe,0xf9,0xbf,0xbe,0xfe,0xf9,0x87,0x29,0x4f,0x75,0x4c,
    0x72,0xb4,0x80,0x43,0x00,0x02,0x00,0xb4,0x00,0x00,0x05,0x4c,0x05,0xd2,0x00,0x15,
    0x00,0x19,0x00,0x00,0x61,0x21,0x35,0x21,0x32,0x36,0x12,0x35,0x34,0x02,0x26,0x23,
    0x21,0x35,0x21,0x32,0x04,0x12,0x15,0x14,0x02,0x04,0x01,0x11,0x23,0x11,0x02,0x85,
    0xfe,0x98,0x01,0x5c,0xb6,0xef,0x76,0x75,0xe7,0xad,0xfe,0x8a,0x01,0x83,0xda,0x01,
    0x35,0xa5,0xa6,0xfe,0xc2,0xfe,0x0a,0xbe,0xa8,0x8b,0x01,0x04,0xb5,0xb3,0x01,0x01,
    0x8a,0xa8,0xb2,0xfe,0xb3,0xe7,0xe9,0xfe,0xb1,0xb4,0x05,0xd2,0xfa,0x2e,0x05,0xd2,
    0x00,0x01,0x00,0xb4,0x00,0x00,0x04,0x49,0x05,0xd2,0x00,0x0b,0x00,0x00,0x73,0x11,
    0x21,0x15,0x21,0x11,0x21,0x15,0x21,0x11,0x21,0x15,0xb4,0x03,0x8c,0xfd,0x32,0x02,
    0x9d,0xfd,0x63,0x02,0xd7,0x05,0xd2,0xa8,0xfe,0x1a,0xa8,0xfe,0x0c,0xa8,0x00,0x01,
    0x00,0xb4,0x00,0x00,0x04,0x39,0x05,0xd2,0x00,0x09,0x00,0x00,0x73,0x11,0x21,0x15,
    0x21,0x11,0x21,0x15,0x21,0x11,0xb4,0x03,0x85,0xfd,0x39,0x02,0x83,0xfd,0x7d,0x05,
    0xd2,0xa8,0xfe,0x02,0xa8,0xfd,0x7c,0x00,0x00,0x01,0x00,0x7a,0xff,0xec,0x05,0x78,
    0x05,0xe6,0x00,0x27,0x00,0x00,0x45,0x22,0x24,0x02,0x35,0x34,0x12,0x24,0x33,0x32,
    0x1e,0x02,0x17,0x23,0x2e,0x03,0x23,0x22,0x06,0x02,0x15,0x14,0x12,0x16,0x33,0x32,
    0x36,0x36,0x35,0x17,0x21,0x35,0x21,0x15,0x14,0x02,0x04,0x03,0x15,0xc7,0xfe,0xd4,
    0xa8,0xa8,0x01,0x28,0xbf,0x76,0xcd,0xa2,0x6b,0x14,0xc4,0x17,0x4c,0x69,0x84,0x4f,
    0x83,0xd6,0x7e,0x7f,0xda,0x89,0x7e,0xc0,0x6b,0x39,0xfe,0x45,0x02,0x3c,0x9e,0xfe,
    0xed,0x14,0xba,0x01,0x57,0xeb,0xed,0x01,0x57,0xba,0x46,0x82,0xb3,0x6c,0x48,0x72,
    0x52,0x2b,0x87,0xfe,0xf9,0xc0,0xbe,0xfe,0xfa,0x88,0x6b,0xc5,0x86,0x0b,0xa6,0xa3,
    0xb9,0xfe,0xf0,0x95,0x00,0x01,0x00,0xb4,0x00,0x00,0x05,0x3e,0x05,0xd2,0x00,0x0b,
    0x00,0x00,0x73,0x11,0x33,0x11,0x21,0x11,0x33,0x11,0x23,0x11,0x21,0x11,0xb4,0xbe,
    0x03,0x0e,0xbe,0xbe,0xfc,0xf2,0x05,0xd2,0xfd,0x7c,0x02,0x84,0xfa,0x2e,0x02,0xa6,
    0xfd,0x5a,0x00,0x01,0x00,0xb4,0x00,0x00,0x01,0x72,0x05,0xd2,0x00,0x03,0x00,0x00,
    0x41,0x11,0x23,0x11,0x01,0x72,0xbe,0x05,0xd2,0xfa,0x2e,0x05,0xd2,0x00,0x00,0x01,
    0x00,0x64,0xff,0xec,0x03,0xdd,0x05,0xd2,0x00,0x11,0x00,0x00,0x45,0x22,0x26,0x35,
    0x35,0x33,0x15,0x14,0x16,0x33,0x32,0x36,0x35,0x11,0x33,0x11,0x14,0x06,0x02,0x21,
    0xc5,0xf8,0xbe,0x8c,0x73,0x72,0x8c,0xbe,0xf7,0x14,0xe8,0xd6,0x50,0x50,0x88,0x8f,
    0x8f,0x88,0x04,0x28,0xfb,0xd8,0xd6,0xe8,0x00,0x03,0x00,0xb4,0x00,0x00,0x05,0x27,
    0x05,0xd2,0x00,0x09,0x00,0x10,0x00,0x14,0x00,0x00,0x41,0x35,0x3e,0x02,0x37,0x01,
    0x33,0x01,0x27,0x01,0x11,0x33,0x11,0x03,0x17,0x11,0x21,0x01,0x37,0x01,0x01,0x36,
    0x33,0x65,0x6a,0x38,0x01,0xbd,0xf9,0xfd,0x84,0x0a,0xfe,0x14,0xbe,0x03,0x03,0x02,
    0xd4,0xfd,0xe5,0x76,0x02,0x86,0x01,0xaa,0xcb,0x46,0x80,0x7a,0x3c,0x01,0xe1,0xfd,
    0x56,0x01,0xfc,0xd7,0x05,0xd2,0xfe,0x02,0xfe,0xbf,0x5d,0xfd,0xca,0x02,0xf6,0x94,
    0xfc,0x76,0x00,0x01,0x00,0xb4,0x00,0x00,0x04,0x24,0x05,0xd2,0x00,0x05,0x00,0x00,
    0x73,0x11,0x33,0x11,0x21,0x15,0xb4,0xbe,0x02,0xb2,0x05,0xd2,0xfa,0xd6,0xa8,0x00,
    0x00,0x01,0x00,0xb4,0x00,0x00,0x06,0x86,0x05,0xd2,0x00,0x2d,0x00,0x00,0x73,0x11,
    0x21,0x01,0x1e,0x03,0x17,0x23,0x3e,0x03,0x37,0x01,0x21,0x11,0x23,0x11,0x34,0x3e,
    0x02,0x37,0x33,0x0e,0x03,0x07,0x01,0x23,0x01,0x2e,0x03,0x27,0x33,0x1e,0x03,0x15,
    0x11,0xb4,0x01,0x0e,0x01,0x6f,0x0d,0x21,0x25,0x22,0x0d,0x2a,0x0e,0x22,0x25,0x22,
    0x0d,0x01,0x6a,0x01,0x0f,0xbb,0x01,0x03,0x03,0x01,0x10,0x15,0x2f,0x2d,0x28,0x0e,
    0xfe,0xb3,0xa5,0xfe,0xae,0x0e,0x26,0x2d,0x30,0x19,0x12,0x02,0x03,0x02,0x02,0x05,
    0xd2,0xfc,0x54,0x21,0x63,0x74,0x73,0x31,0x2e,0x71,0x75,0x66,0x22,0x03,0xac,0xfa,
    0x2e,0x03,0x53,0x2e,0x76,0x82,0x86,0x3f,0x45,0x8f,0x85,0x6e,0x24,0xfc,0xad,0x03,
    0x53,0x23,0x6b,0x83,0x91,0x49,0x38,0x82,0x85,0x7b,0x31,0xfc,0xad,0x00,0x00,0x01,
    0x00,0xb4,0x00,0x00,0x05,0x53,0x05,0xd2,0x00,0x1b,0x00,0x00,0x73,0x11,0x33,0x01,
    0x1e,0x02,0x17,0x23,0x2e,0x02,0x35,0x11,0x33,0x11,0x23,0x01,0x2e,0x02,0x27,0x33,
    0x1e,0x02,0x15,0x11,0xb4,0xe0,0x02,0x5e,0x18,0x44,0x4f,0x26,0x1b,0x09,0x08,0x02,
    0xbe,0xe2,0xfd,0xe4,0x25,0x4b,0x60,0x47,0x23,0x05,0x08,0x05,0x05,0xd2,0xfc,0x47,
    0x25,0x74,0x92,0x53,0x56,0x9d,0x84,0x2e,0x03,0x92,0xfa,0x2e,0x03,0x50,0x3b,0x7d,
    0xab,0x7e,0x6f,0xbc,0x8c,0x28,0xfc,0xae,0x00,0x02,0x00,0x7a,0xff,0xec,0x05,0xa4,
    0x05,0xe6,0x00,0x0f,0x00,0x1f,0x00,0x00,0x45,0x22,0x24,0x02,0x35,0x34,0x12,0x24,
    0x33,0x32,0x04,0x12,0x15,0x14,0x02,0x04,0x27,0x32,0x36,0x12,0x35,0x34,0x02,0x26,
    0x23,0x22,0x06,0x02,0x15,0x14,0x12,0x16,0x03,0x10,0xbf,0xfe,0xd5,0xac,0xac,0x01,
    0x2b,0xbf,0xbf,0x01,0x2a,0xab,0xab,0xfe,0xd6,0xbf,0x85,0xd7,0x7f,0x7f,0xd7,0x85,
    0x86,0xd8,0x7f,0x7f,0xd8,0x14,0xb9,0x01,0x57,0xec,0xed,0x01,0x57,0xba,0xba,0xfe,
    0xa9,0xed,0xec,0xfe,0xa9,0xb9,0xb0,0x87,0x01,0x07,0xbe,0xc0,0x01,0x07,0x87,0x88,
    0xfe,0xf9,0xbf,0xbe,0xfe,0xfa,0x88,0x00,0x00,0x01,0x00,0xb4,0x00,0x00,0x04,0xae,
    0x05,0xd2,0x00,0x17,0x00,0x00,0x73,0x11,0x21,0x32,0x16,0x16,0x15,0x14,0x06,0x06,
    0x23,0x21,0x35,0x21,0x32,0x36,0x36,0x35,0x34,0x26,0x26,0x23,0x21,0x11,0xb4,0x01,
    0xfe,0xae,0xe1,0x6d,0x6d,0xe0,0xae,0xfe,0x97,0x01,0x60,0x76,0x90,0x41,0x41,0x91,
    0x77,0xfe,0xca,0x05,0xd2,0x7f,0xd6,0x85,0x85,0xd8,0x80,0xa7,0x51,0x8d,0x58,0x58,
    0x8b,0x50,0xfa,0xd5,0x00,0x03,0x00,0x7a,0xff,0x74,0x05,0xa4,0x05,0xe6,0x00,0x07,
    0x00,0x17,0x00,0x27,0x00,0x00,0x41,0x33,0x17,0x17,0x13,0x23,0x27,0x27,0x07,0x22,
    0x24,0x02,0x35,0x34,0x12,0x24,0x33,0x32,0x04,0x12,0x15,0x14,0x02,0x04,0x27,0x32,
    0x36,0x12,0x35,0x34,0x02,0x26,0x23,0x22,0x06,0x02,0x15,0x14,0x12,0x16,0x02,0xd2,
    0xc6,0xa6,0x2a,0xf8,0xc6,0xa2,0x2a,0xbe,0xbf,0xfe,0xd5,0xac,0xac,0x01,0x2b,0xbf,
    0xbf,0x01,0x2a,0xab,0xab,0xfe,0xd6,0xbf,0x85,0xd7,0x7f,0x7f,0xd7,0x85,0x86,0xd8,
    0x7f,0x7f,0xd8,0x01,0xd2,0xda,0x3a,0xfe,0xb6,0xda,0x38,0x9a,0xb9,0x01,0x57,0xec,
    0xed,0x01,0x57,0xba,0xba,0xfe,0xa9,0xed,0xec,0xfe,0xa9,0xb9,0xb0,0x87,0x01,0x07,
    0xbe,0xc0,0x01,0x07,0x87,0x88,0xfe,0xf9,0xbf,0xbe,0xfe,0xfa,0x88,0x00,0x00,0x02,
    0x00,0xb4,0x00,0x00,0x04,0xe8,0x05,0xd2,0x00,0x17,0x00,0x1b,0x00,0x00,0x73,0x11,
    0x21,0x32,0x16,0x16,0x15,0x14,0x06,0x06,0x23,0x21,0x35,0x21,0x32,0x36,0x36,0x35,
    0x34,0x26,0x26,0x23,0x21,0x11,0x21,0x01,0x33,0x01,0xb4,0x01,0xfe,0xae,0xe1,0x6d,
    0x6d,0xe0,0xae,0xfe,0x6b,0x01,0x8c,0x76,0x8f,0x42,0x42,0x90,0x77,0xfe,0xca,0x02,
    0x9a,0xfe,0x98,0xd6,0x01,0x6e,0x05,0xd2,0x77,0xd0,0x85,0x85,0xcc,0x73,0xa9,0x45,
    0x7f,0x57,0x59,0x83,0x49,0xfa,0xd5,0x02,0x9f,0xfd,0x61,0x00,0x00,0x01,0x00,0x74,
    0xff,0xe6,0x04,0xae,0x05,0xe6,0x00,0x32,0x00,0x00,0x45,0x22,0x26,0x26,0x27,0x33,
    0x1e,0x02,0x33,0x32,0x36,0x36,0x35,0x34,0x26,0x26,0x27,0x27,0x26,0x26,0x35,0x34,
    0x36,0x36,0x33,0x32,0x16,0x16,0x17,0x23,0x26,0x26,0x23,0x22,0x06,0x06,0x15,0x14,
    0x16,0x16,0x17,0x17,0x1e,0x03,0x15,0x14,0x06,0x06,0x02,0x91,0xa1,0xed,0x86,0x09,
    0xc3,0x08,0x62,0x99,0x57,0x65,0xa1,0x5e,0x51,0x86,0x50,0xb4,0xb4,0xc8,0x88,0xe8,
    0x90,0x93,0xe2,0x83,0x04,0xba,0x0d,0xb6,0x85,0x60,0x91,0x50,0x61,0x85,0x36,0x95,
    0x3c,0x91,0x84,0x55,0x7f,0xf2,0x1a,0x68,0xbb,0x7d,0x54,0x6d,0x35,0x42,0x78,0x4f,
    0x48,0x5a,0x3a,0x16,0x33,0x33,0xbe,0x94,0x7e,0xbd,0x68,0x68,0xb3,0x71,0x6d,0x77,
    0x3f,0x6d,0x46,0x4e,0x5f,0x35,0x0f,0x29,0x10,0x38,0x5d,0x8f,0x68,0x7a,0xc4,0x72,
    0x00,0x01,0x00,0x62,0x00,0x00,0x04,0xc8,0x05,0xd2,0x00,0x07,0x00,0x00,0x53,0x35,
    0x21,0x15,0x21,0x11,0x23,0x11,0x62,0x04,0x66,0xfe,0x2d,0xbe,0x05,0x2a,0xa8,0xa8,
    0xfa,0xd6,0x05,0x2a,0x00,0x01,0x00,0xb4,0xff,0xe8,0x05,0x40,0x05,0xd2,0x00,0x15,
    0x00,0x00,0x45,0x22,0x24,0x26,0x35,0x11,0x33,0x11,0x14,0x16,0x16,0x33,0x32,0x36,
    0x36,0x35,0x11,0x33,0x11,0x14,0x06,0x04,0x02,0xfb,0xb0,0xfe,0xf9,0x90,0xbe,0x5f,
    0xb0,0x7a,0x7a,0xaf,0x5e,0xbe,0x90,0xfe,0xfb,0x18,0x8a,0xf0,0x99,0x03,0xd7,0xfc,
    0x38,0x6b,0xa7,0x60,0x60,0xa7,0x6b,0x03,0xc8,0xfc,0x29,0x99,0xf0,0x8a,0x00,0x01,
    0x00,0x34,0x00,0x00,0x05,0x51,0x05,0xd2,0x00,0x0d,0x00,0x00,0x61,0x01,0x33,0x01,
    0x16,0x16,0x17,0x23,0x36,0x36,0x37,0x01,0x33,0x01,0x02,0x58,0xfd,0xdc,0xc8,0x01,
    0x3b,0x1b,0x51,0x36,0x25,0x36,0x50,0x1a,0x01,0x33,0xca,0xfd,0xe2,0x05,0xd2,0xfc,
    0x8c,0x4c,0xfe,0xba,0xbf,0xf9,0x4c,0x03,0x74,0xfa,0x2e,0x00,0x00,0x01,0x00,0x34,
    0x00,0x00,0x07,0xae,0x05,0xd2,0x00,0x25,0x00,0x00,0x61,0x01,0x33,0x13,0x1e,0x02,
    0x17,0x23,0x3e,0x02,0x37,0x13,0x33,0x13,0x1e,0x02,0x17,0x23,0x3e,0x02,0x37,0x13,
    0x33,0x01,0x23,0x01,0x26,0x26,0x27,0x33,0x06,0x06,0x07,0x03,0x01,0xca,0xfe,0x6a,
    0xc2,0xec,0x13,0x22,0x20,0x0e,0x17,0x0f,0x20,0x24,0x13,0xf1,0xd8,0xef,0x14,0x23,
    0x22,0x0f,0x1a,0x0f,0x20,0x24,0x12,0xeb,0xc4,0xfe,0x68,0xdd,0xff,0x00,0x19,0x2e,
    0x16,0x28,0x16,0x2a,0x1d,0xff,0x05,0xd2,0xfc,0x6e,0x49,0x97,0x9b,0x52,0x52,0x9b,
    0x97,0x49,0x03,0x92,0xfc,0x6e,0x49,0x97,0x9b,0x52,0x52,0x9b,0x97,0x49,0x03,0x92,
    0xfa,0x2e,0x03,0xb0,0x5c,0xd9,0x8e,0x86,0xd3,0x6a,0xfc,0x50,0x00,0x01,0x00,0x39,
    0x00,0x00,0x05,0x3c,0x05,0xd2,0x00,0x1f,0x00,0x00,0x73,0x01,0x15,0x01,0x33,0x13,
    0x1e,0x02,0x17,0x23,0x3e,0x02,0x37,0x13,0x33,0x01,0x35,0x01,0x23,0x01,0x2e,0x02,
    0x27,0x33,0x0e,0x02,0x07,0x01,0x39,0x02,0x47,0xfd,0xda,0xdc,0xd7,0x30,0x3d,0x33,
    0x20,0x21,0x20,0x33,0x3f,0x30,0xdb,0xd7,0xfd,0xdb,0x02,0x41,0xdb,0xfe,0xfb,0x2a,
    0x3a,0x32,0x1f,0x29,0x1e,0x33,0x3b,0x2c,0xfe,0xf9,0x03,0x41,0x8d,0x03,0x1e,0xfe,
    0xc4,0x46,0x60,0x5c,0x40,0x3f,0x5c,0x61,0x46,0x01,0x3c,0xfc,0xea,0x8c,0xfc,0xb8,
    0x01,0x7a,0x3e,0x59,0x59,0x3e,0x3b,0x59,0x5b,0x3f,0xfe,0x86,0x00,0x01,0x00,0x34,
    0x00,0x00,0x05,0x3a,0x05,0xd2,0x00,0x0f,0x00,0x00,0x61,0x11,0x01,0x33,0x01,0x16,
    0x16,0x17,0x23,0x36,0x36,0x37,0x01,0x33,0x01,0x11,0x02,0x58,0xfd,0xdc,0xdc,0x01,
    0x27,0x32,0x4d,0x29,0x4c,0x29,0x4e,0x2f,0x01,0x26,0xdb,0xfd,0xdc,0x02,0x62,0x03,
    0x70,0xfe,0x1f,0x51,0x93,0x70,0x72,0x95,0x4d,0x01,0xe1,0xfc,0x90,0xfd,0x9e,0x00,
    0x00,0x01,0x00,0x7a,0x00,0x00,0x04,0x8e,0x05,0xd2,0x00,0x17,0x00,0x00,0x73,0x35,
    0x01,0x36,0x36,0x37,0x17,0x06,0x06,0x23,0x21,0x35,0x21,0x15,0x01,0x06,0x06,0x07,
    0x27,0x36,0x36,0x33,0x21,0x15,0x82,0x02,0x9a,0x2d,0x66,0x33,0x15,0x5c,0xba,0x5c,
    0xfd,0xf5,0x04,0x0c,0xfd,0x70,0x30,0x6b,0x35,0x15,0x5c,0xb7,0x5c,0x02,0x0e,0x86,
    0x03,0xdf,0x43,0x87,0x42,0x3e,0x06,0x03,0xa8,0x88,0xfc,0x31,0x47,0x8e,0x45,0x3e,
    0x06,0x03,0xa8,0x00,0x00,0x02,0x00,0x5a,0xff,0xe6,0x03,0xe0,0x04,0x6c,0x00,0x27,
    0x00,0x39,0x00,0x00,0x45,0x22,0x26,0x26,0x35,0x34,0x3e,0x02,0x37,0x3e,0x02,0x35,
    0x35,0x34,0x26,0x26,0x23,0x22,0x06,0x06,0x07,0x27,0x3e,0x02,0x33,0x32,0x1e,0x02,
    0x15,0x11,0x23,0x35,0x23,0x0e,0x02,0x27,0x32,0x36,0x36,0x35,0x35,0x0e,0x03,0x07,
    0x0e,0x02,0x15,0x14,0x16,0x16,0x01,0xd7,0x6a,0xad,0x66,0x4c,0x7f,0x9a,0x4e,0x64,
    0x7e,0x3d,0x34,0x68,0x4e,0x50,0x72,0x47,0x12,0xad,0x2b,0x92,0xb0,0x56,0x38,0x8f,
    0x85,0x57,0xb1,0x0c,0x13,0x54,0x86,0x40,0x64,0x8a,0x48,0x0b,0x4a,0x5f,0x59,0x1a,
    0x41,0x71,0x44,0x3c,0x68,0x1a,0x50,0x9a,0x6e,0x60,0x78,0x45,0x22,0x0a,0x0d,0x0e,
    0x22,0x29,0x06,0x46,0x61,0x34,0x32,0x4b,0x27,0x39,0x66,0x73,0x30,0x1b,0x50,0x9d,
    0x83,0xfd,0x1f,0x98,0x27,0x53,0x38,0x9f,0x4e,0x7d,0x44,0x9b,0x0d,0x15,0x10,0x0b,
    0x03,0x08,0x27,0x4b,0x40,0x3a,0x4e,0x28,0x00,0x02,0x00,0x9e,0xff,0xe8,0x04,0x7e,
    0x05,0xd2,0x00,0x16,0x00,0x26,0x00,0x00,0x45,0x22,0x26,0x26,0x27,0x23,0x15,0x23,
    0x11,0x33,0x11,0x33,0x3e,0x02,0x33,0x32,0x16,0x12,0x15,0x14,0x02,0x06,0x27,0x32,
    0x36,0x36,0x35,0x34,0x26,0x26,0x23,0x22,0x06,0x06,0x15,0x14,0x16,0x16,0x02,0xa5,
    0x6a,0x82,0x46,0x13,0x14,0xae,0xb4,0x0e,0x13,0x44,0x80,0x6d,0x8c,0xd5,0x79,0x78,
    0xd5,0xa7,0x69,0x8d,0x47,0x46,0x8d,0x6a,0x67,0x8c,0x47,0x48,0x8d,0x18,0x49,0x5d,
    0x1f,0xad,0x05,0xd2,0xfd,0xd9,0x1e,0x5b,0x48,0x8c,0xfe,0xfd,0xb1,0xb2,0xfe,0xfc,
    0x8e,0xa1,0x71,0xbf,0x75,0x74,0xbb,0x6e,0x68,0xb9,0x7c,0x7c,0xbe,0x6b,0x00,0x01,
    0x00,0x68,0xff,0xe8,0x04,0x2e,0x04,0x6c,0x00,0x25,0x00,0x00,0x45,0x22,0x26,0x02,
    0x35,0x34,0x12,0x36,0x33,0x32,0x1e,0x02,0x17,0x07,0x2e,0x03,0x23,0x22,0x06,0x06,
    0x15,0x14,0x16,0x16,0x33,0x32,0x3e,0x02,0x37,0x17,0x0e,0x03,0x02,0x65,0x98,0xe5,
    0x80,0x80,0xe5,0x98,0x51,0x90,0x77,0x56,0x17,0xad,0x0c,0x32,0x47,0x5c,0x37,0x70,
    0x90,0x46,0x46,0x90,0x70,0x38,0x5e,0x49,0x32,0x0c,0xac,0x16,0x57,0x78,0x92,0x18,
    0x90,0x01,0x04,0xac,0xaf,0x01,0x05,0x90,0x2a,0x4f,0x73,0x49,0x31,0x2b,0x48,0x35,
    0x1d,0x75,0xbe,0x70,0x6e,0xbd,0x74,0x1e,0x37,0x4c,0x2d,0x31,0x4b,0x75,0x53,0x2b,
    0x00,0x02,0x00,0x68,0xff,0xe8,0x04,0x48,0x05,0xd2,0x00,0x16,0x00,0x26,0x00,0x00,
    0x45,0x22,0x26,0x02,0x35,0x34,0x12,0x36,0x33,0x32,0x16,0x16,0x17,0x33,0x11,0x33,
    0x11,0x23,0x35,0x23,0x0e,0x02,0x27,0x32,0x36,0x36,0x35,0x34,0x26,0x26,0x23,0x22,
    0x06,0x06,0x15,0x14,0x16,0x16,0x02,0x41,0x8b,0xd6,0x78,0x79,0xd6,0x8b,0x6d,0x80,
    0x45,0x12,0x0e,0xb4,0xae,0x14,0x12,0x47,0x81,0x50,0x66,0x8c,0x48,0x47,0x8c,0x67,
    0x6a,0x8d,0x46,0x47,0x8e,0x18,0x8e,0x01,0x04,0xb2,0xb1,0x01,0x03,0x8c,0x48,0x5b,
    0x1e,0x02,0x27,0xfa,0x2e,0xad,0x1f,0x5d,0x49,0xa1,0x6b,0xbe,0x7c,0x7c,0xb9,0x68,
    0x6e,0xbb,0x74,0x75,0xbf,0x71,0x00,0x01,0x00,0x68,0xff,0xe8,0x04,0x46,0x04,0x6c,
    0x00,0x27,0x00,0x00,0x45,0x22,0x26,0x02,0x35,0x34,0x12,0x36,0x33,0x32,0x1e,0x02,
    0x15,0x15,0x21,0x35,0x21,0x07,0x34,0x26,0x26,0x23,0x22,0x06,0x06,0x15,0x15,0x14,
    0x16,0x16,0x33,0x32,0x36,0x36,0x37,0x17,0x0e,0x02,0x02,0x74,0xa2,0xeb,0x7f,0x7c,
    0xe3,0x98,0x59,0xad,0x8d,0x54,0xfc,0x9c,0x03,0x03,0x54,0x45,0x88,0x65,0x65,0x90,
    0x4c,0x56,0x9b,0x66,0x42,0x6c,0x4e,0x15,0xae,0x1a,0x7c,0xb7,0x18,0x90,0x01,0x02,
    0xac,0xac,0x01,0x06,0x94,0x3b,0x83,0xd6,0x9b,0x4b,0x98,0x38,0x6e,0xab,0x61,0x63,
    0x9f,0x5b,0x65,0x7c,0xad,0x59,0x26,0x4d,0x39,0x30,0x54,0x80,0x48,0x00,0x00,0x02,
    0x00,0x14,0x00,0x00,0x02,0xd6,0x06,0x18,0x00,0x03,0x00,0x14,0x00,0x00,0x41,0x15,
    0x21,0x35,0x13,0x11,0x34,0x36,0x36,0x33,0x32,0x16,0x17,0x07,0x26,0x26,0x23,0x22,
    0x06,0x15,0x11,0x02,0xa6,0xfd,0x6e,0xdc,0x5b,0x92,0x51,0x40,0x54,0x14,0x32,0x0e,
    0x2d,0x26,0x53,0x4c,0x04,0x5e,0x9a,0x9a,0xfb,0xa2,0x04,0xf3,0x61,0x82,0x42,0x15,
    0x09,0x9a,0x05,0x0c,0x55,0x51,0xfb,0x35,0x00,0x02,0x00,0x68,0xfe,0x46,0x04,0x4a,
    0x04,0x6c,0x00,0x25,0x00,0x35,0x00,0x00,0x41,0x22,0x26,0x26,0x27,0x37,0x1e,0x02,
    0x33,0x32,0x36,0x35,0x35,0x23,0x0e,0x02,0x23,0x22,0x26,0x26,0x35,0x34,0x36,0x36,
    0x33,0x32,0x16,0x16,0x17,0x33,0x35,0x33,0x11,0x14,0x06,0x06,0x03,0x32,0x36,0x36,
    0x35,0x34,0x26,0x26,0x23,0x22,0x06,0x06,0x15,0x14,0x16,0x16,0x02,0x63,0x7c,0xb5,
    0x78,0x23,0x92,0x18,0x47,0x79,0x62,0x86,0xad,0x11,0x13,0x45,0x81,0x6c,0x86,0xd6,
    0x7c,0x7a,0xd7,0x8b,0x6c,0x81,0x46,0x13,0x11,0xaf,0x82,0xdd,0x8d,0x66,0x8c,0x48,
    0x47,0x8c,0x67,0x6a,0x8e,0x47,0x48,0x8e,0xfe,0x46,0x3f,0x68,0x3d,0x5e,0x20,0x4e,
    0x37,0x80,0x8a,0xe0,0x20,0x58,0x43,0x7f,0xf4,0xaf,0xad,0xff,0x8c,0x47,0x5c,0x1e,
    0xb3,0xfb,0x85,0x90,0xb7,0x56,0x02,0x6c,0x5d,0xaf,0x7a,0x77,0xb5,0x67,0x6d,0xb6,
    0x70,0x73,0xb0,0x63,0x00,0x01,0x00,0x9e,0x00,0x00,0x04,0x1d,0x05,0xd2,0x00,0x16,
    0x00,0x00,0x41,0x11,0x23,0x11,0x33,0x11,0x23,0x36,0x36,0x33,0x32,0x16,0x16,0x15,
    0x11,0x23,0x11,0x34,0x26,0x23,0x22,0x06,0x06,0x01,0x52,0xb4,0xb4,0x1f,0x33,0xbd,
    0x7f,0x71,0xab,0x5f,0xb5,0x87,0x75,0x50,0x80,0x4a,0x02,0x9e,0xfd,0x62,0x05,0xd2,
    0xfd,0x7d,0x9b,0x82,0x5d,0xbb,0x8e,0xfd,0x3a,0x02,0xb7,0x81,0x92,0x46,0x86,0x00,
    0xff,0xff,0x00,0x7c,0x00,0x00,0x01,0x77,0x06,0x03,0x06,0x26,0x00,0x24,0x00,0x00,
    0x00,0x06,0x00,0x71,0x02,0x00,0x00,0x01,0x00,0x9e,0x00,0x00,0x01,0x52,0x04,0x5e,
    0x00,0x03,0x00,0x00,0x73,0x11,0x33,0x11,0x9e,0xb4,0x04,0x5e,0xfb,0xa2,0x00,0x01,
    0xff,0xe6,0xfe,0x5e,0x01,0x53,0x04,0x5e,0x00,0x0c,0x00,0x00,0x53,0x33,0x11,0x16,
    0x06,0x06,0x23,0x23,0x35,0x33,0x32,0x36,0x35,0x9d,0xb5,0x01,0x4a,0x92,0x6d,0x24,
    0x21,0x4e,0x48,0x04,0x5e,0xfb,0x52,0x6a,0x98,0x50,0xa6,0x59,0x53,0x00,0xff,0xff,
    0xff,0xe6,0xfe,0x5e,0x01,0x76,0x06,0x03,0x06,0x26,0x00,0x25,0x00,0x00,0x00,0x06,
    0x00,0x71,0x01,0x00,0x00,0x03,0x00,0x9e,0x00,0x00,0x04,0x48,0x05,0xd2,0x00,0x06,
    0x00,0x0a,0x00,0x0e,0x00,0x00,0x41,0x35,0x33,0x01,0x33,0x01,0x23,0x01,0x11,0x33,
    0x11,0x21,0x01,0x37,0x01,0x01,0x47,0x21,0x01,0xde,0xdf,0xfd,0xfb,0x14,0xfe,0x92,
    0xb4,0x02,0x0f,0xfe,0x54,0x80,0x02,0x13,0x01,0x92,0xdf,0x01,0xed,0xfd,0xed,0xfd,
    0xb5,0x05,0xd2,0xfa,0x2e,0x02,0x23,0x7f,0xfd,0x5e,0x00,0x01,0x00,0x9e,0x00,0x00,
    0x01,0x52,0x05,0xd2,0x00,0x03,0x00,0x00,0x41,0x11,0x23,0x11,0x01,0x52,0xb4,0x05,
    0xd2,0xfa,0x2e,0x05,0xd2,0x00,0x00,0x01,0x00,0x9e,0x00,0x00,0x06,0x64,0x04,0x72,
    0x00,0x29,0x00,0x00,0x73,0x11,0x33,0x17,0x23,0x3e,0x02,0x33,0x32,0x16,0x17,0x23,
    0x3e,0x02,0x33,0x32,0x16,0x16,0x15,0x11,0x23,0x11,0x34,0x26,0x23,0x22,0x06,0x06,
    0x15,0x11,0x23,0x11,0x34,0x26,0x23,0x22,0x06,0x06,0x15,0x11,0x9e,0xaf,0x01,0x0e,
    0x17,0x63,0x85,0x48,0x7a,0x97,0x16,0x18,0x14,0x6a,0x97,0x59,0x61,0xa0,0x5f,0xb4,
    0x88,0x5a,0x4b,0x6d,0x3b,0xb4,0x7c,0x5f,0x41,0x73,0x46,0x04,0x5e,0xfa,0x5b,0x77,
    0x3c,0x96,0x7a,0x54,0x7a,0x42,0x54,0xaa,0x82,0xfd,0x0e,0x02,0xed,0x79,0x68,0x3f,
    0x6e,0x47,0xfd,0x26,0x02,0xff,0x5d,0x72,0x3d,0x78,0x59,0xfd,0x40,0x00,0x00,0x01,
    0x00,0x9e,0x00,0x00,0x04,0x1c,0x04,0x6c,0x00,0x16,0x00,0x00,0x41,0x11,0x23,0x11,
    0x33,0x13,0x23,0x36,0x36,0x33,0x32,0x16,0x16,0x15,0x11,0x23,0x11,0x34,0x26,0x23,
    0x22,0x06,0x06,0x01,0x52,0xb4,0xad,0x01,0x19,0x33,0xbd,0x7f,0x71,0xaa,0x5f,0xb4,
    0x87,0x75,0x50,0x80,0x4a,0x02,0x9e,0xfd,0x62,0x04,0x5e,0xfe,0xf1,0x9b,0x82,0x5d,
    0xbb,0x8e,0xfd,0x3a,0x02,0xb7,0x81,0x92,0x46,0x86,0x00,0x02,0x00,0x68,0xff,0xe8,
    0x04,0x64,0x04,0x6c,0x00,0x0f,0x00,0x1f,0x00,0x00,0x45,0x22,0x26,0x02,0x35,0x34,
    0x12,0x36,0x33,0x32,0x16,0x12,0x15,0x14,0x02,0x06,0x27,0x32,0x36,0x36,0x35,0x34,
    0x26,0x26,0x23,0x22,0x06,0x06,0x15,0x14,0x16,0x16,0x02,0x65,0x98,0xe5,0x80,0x80,
    0xe5,0x98,0x99,0xe6,0x80,0x80,0xe6,0x99,0x71,0x92,0x46,0x46,0x92,0x71,0x70,0x90,
    0x46,0x46,0x90,0x18,0x90,0x01,0x04,0xac,0xaf,0x01,0x05,0x90,0x90,0xfe,0xfb,0xaf,
    0xac,0xfe,0xfc,0x90,0xa1,0x74,0xbd,0x6e,0x6f,0xbf,0x75,0x75,0xbe,0x70,0x6e,0xbd,
    0x74,0x00,0x00,0x02,0x00,0x9e,0xfe,0x5e,0x04,0x7e,0x04,0x6c,0x00,0x16,0x00,0x26,
    0x00,0x00,0x53,0x11,0x33,0x15,0x33,0x3e,0x02,0x33,0x32,0x16,0x12,0x15,0x14,0x02,
    0x06,0x23,0x22,0x26,0x26,0x27,0x23,0x11,0x01,0x32,0x36,0x36,0x35,0x34,0x26,0x26,
    0x23,0x22,0x06,0x06,0x15,0x14,0x16,0x16,0x9e,0xae,0x14,0x13,0x44,0x80,0x6d,0x8c,
    0xd5,0x79,0x78,0xd5,0x8c,0x6a,0x82,0x46,0x13,0x0e,0x01,0x38,0x69,0x8d,0x47,0x46,
    0x8d,0x6a,0x67,0x8c,0x47,0x48,0x8d,0xfe,0x5e,0x06,0x00,0xb3,0x1e,0x5b,0x48,0x8c,
    0xfe,0xfd,0xb1,0xb2,0xfe,0xfc,0x8e,0x49,0x5d,0x1f,0xfd,0xb1,0x02,0x2b,0x71,0xbf,
    0x75,0x74,0xbb,0x6e,0x68,0xb9,0x7c,0x7c,0xbe,0x6b,0x00,0x02,0x00,0x68,0xfe,0x5e,
    0x04,0x48,0x04,0x6c,0x00,0x16,0x00,0x26,0x00,0x00,0x41,0x23,0x11,0x23,0x0e,0x02,
    0x23,0x22,0x26,0x02,0x35,0x34,0x12,0x36,0x33,0x32,0x16,0x16,0x17,0x33,0x35,0x33,
    0x01,0x32,0x36,0x36,0x35,0x34,0x26,0x26,0x23,0x22,0x06,0x06,0x15,0x14,0x16,0x16,
    0x04,0x48,0xb4,0x0e,0x12,0x47,0x81,0x6b,0x8b,0xd6,0x78,0x79,0xd6,0x8b,0x6d,0x80,
    0x45,0x12,0x14,0xae,0xfe,0x14,0x66,0x8c,0x48,0x47,0x8c,0x67,0x6a,0x8d,0x46,0x47,
    0x8e,0xfe,0x5e,0x02,0x4f,0x1f,0x5d,0x49,0x8e,0x01,0x04,0xb2,0xb1,0x01,0x03,0x8c,
    0x48,0x5b,0x1e,0xb3,0xfc,0x2b,0x6b,0xbe,0x7c,0x7c,0xb9,0x68,0x6e,0xbb,0x74,0x75,
    0xbf,0x71,0x00,0x01,0x00,0x9e,0x00,0x00,0x02,0xd5,0x04,0x6e,0x00,0x13,0x00,0x00,
    0x73,0x11,0x33,0x15,0x33,0x36,0x36,0x33,0x32,0x16,0x17,0x15,0x26,0x26,0x23,0x22,
    0x06,0x06,0x15,0x11,0x9e,0xae,0x0c,0x1f,0x9f,0x64,0x14,0x37,0x10,0x08,0x40,0x24,
    0x50,0x7f,0x48,0x04,0x5e,0xac,0x55,0x67,0x02,0x01,0xb5,0x02,0x08,0x43,0x75,0x4c,
    0xfd,0x44,0x00,0x01,0x00,0x6c,0xff,0xe8,0x03,0xd3,0x04,0x6c,0x00,0x2b,0x00,0x00,
    0x45,0x22,0x26,0x26,0x27,0x37,0x16,0x16,0x33,0x32,0x36,0x35,0x34,0x26,0x27,0x27,
    0x26,0x26,0x35,0x34,0x36,0x36,0x33,0x32,0x16,0x16,0x17,0x07,0x26,0x26,0x23,0x22,
    0x06,0x15,0x14,0x16,0x17,0x17,0x16,0x16,0x15,0x14,0x06,0x06,0x02,0x1a,0x73,0xb3,
    0x74,0x14,0xab,0x18,0x85,0x64,0x75,0x8b,0x51,0x53,0xba,0x98,0x94,0x6c,0xbb,0x77,
    0x73,0xa1,0x65,0x19,0xa3,0x17,0x6b,0x6c,0x64,0x85,0x5a,0x62,0xa9,0x98,0x92,0x6f,
    0xc7,0x18,0x43,0x84,0x60,0x29,0x5c,0x56,0x64,0x45,0x3a,0x4d,0x13,0x2c,0x24,0x97,
    0x76,0x60,0x93,0x53,0x45,0x79,0x4f,0x2a,0x3c,0x62,0x5c,0x46,0x3e,0x4b,0x17,0x28,
    0x24,0x97,0x73,0x62,0x99,0x58,0x00,0x02,0x00,0x14,0xff,0xf2,0x02,0x75,0x05,0x68,
    0x00,0x03,0x00,0x13,0x00,0x00,0x41,0x15,0x21,0x35,0x13,0x33,0x11,0x14,0x16,0x33,
    0x32,0x36,0x37,0x17,0x06,0x06,0x23,0x22,0x26,0x35,0x02,0x56,0xfd,0xbe,0xa8,0xb4,
    0x3d,0x47,0x11,0x35,0x16,0x25,0x1c,0x47,0x23,0x91,0xa2,0x04,0x5e,0x9a,0x9a,0x01,
    0x0a,0xfb,0xba,0x4b,0x45,0x08,0x04,0x98,0x0a,0x0a,0x99,0x89,0x00,0x01,0x00,0x9e,
    0xff,0xf2,0x04,0x1d,0x04,0x5e,0x00,0x16,0x00,0x00,0x45,0x22,0x26,0x26,0x35,0x11,
    0x33,0x11,0x14,0x16,0x33,0x32,0x36,0x36,0x35,0x11,0x33,0x11,0x23,0x11,0x33,0x06,
    0x06,0x02,0x19,0x71,0xab,0x5f,0xb4,0x88,0x75,0x50,0x7f,0x4a,0xb5,0xae,0x18,0x34,
    0xbf,0x0e,0x5d,0xbc,0x8d,0x02,0xc6,0xfd,0x49,0x81,0x92,0x46,0x87,0x5f,0x02,0x9e,
    0xfb,0xa2,0x01,0x0f,0x9d,0x80,0x00,0x01,0x00,0x36,0x00,0x00,0x04,0x49,0x04,0x5e,
    0x00,0x0d,0x00,0x00,0x61,0x01,0x33,0x13,0x16,0x16,0x17,0x23,0x36,0x36,0x37,0x13,
    0x33,0x01,0x01,0xe1,0xfe,0x55,0xc5,0xee,0x26,0x35,0x1d,0x42,0x1d,0x35,0x25,0xee,
    0xc5,0xfe,0x55,0x04,0x5e,0xfd,0x69,0x67,0xcd,0x60,0x60,0xcd,0x67,0x02,0x97,0xfb,
    0xa2,0x00,0x00,0x01,0x00,0x46,0x00,0x00,0x06,0x46,0x04,0x5e,0x00,0x23,0x00,0x00,
    0x61,0x01,0x33,0x13,0x16,0x16,0x17,0x23,0x36,0x36,0x37,0x13,0x33,0x13,0x16,0x16,
    0x17,0x23,0x36,0x36,0x37,0x13,0x33,0x01,0x23,0x03,0x2e,0x02,0x27,0x33,0x0e,0x02,
    0x07,0x03,0x01,0x99,0xfe,0xad,0xbf,0x88,0x1c,0x40,0x1f,0x1f,0x1e,0x3e,0x1d,0x86,
    0xc0,0x84,0x1c,0x3d,0x1e,0x20,0x20,0x3f,0x1d,0x88,0xbf,0xfe,0xad,0xb3,0x91,0x16,
    0x2a,0x28,0x15,0x28,0x14,0x29,0x2a,0x16,0x91,0x04,0x5e,0xfe,0x18,0x64,0xfd,0xa0,
    0x99,0xfe,0x6a,0x01,0xe8,0xfe,0x18,0x67,0xfd,0x9d,0x9b,0xfd,0x69,0x01,0xe8,0xfb,
    0xa2,0x01,0xfa,0x4d,0xa0,0xa8,0x57,0x56,0xa9,0xa2,0x4b,0xfe,0x06,0x00,0x00,0x01,
    0x00,0x41,0x00,0x00,0x04,0x1d,0x04,0x5e,0x00,0x1b,0x00,0x00,0x73,0x01,0x07,0x01,
    0x33,0x17,0x16,0x16,0x17,0x23,0x36,0x36,0x37,0x37,0x33,0x01,0x35,0x01,0x23,0x27,
    0x26,0x26,0x27,0x33,0x06,0x06,0x07,0x07,0x41,0x01,0xb9,0x01,0xfe,0x5f,0xd2,0x8b,
    0x36,0x4f,0x2a,0x5e,0x2b,0x47,0x37,0x8e,0xce,0xfe,0x5d,0x01,0xb5,0xd1,0xa4,0x35,
    0x4d,0x29,0x5f,0x29,0x46,0x36,0xa6,0x02,0x83,0x8a,0x02,0x65,0xd9,0x54,0x92,0x44,
    0x44,0x92,0x54,0xd9,0xfd,0x93,0x85,0xfd,0x8a,0xfb,0x52,0x8d,0x41,0x41,0x8d,0x52,
    0xfb,0x00,0x00,0x01,0x00,0x36,0xfe,0x56,0x04,0x49,0x04,0x5e,0x00,0x1a,0x00,0x00,
    0x53,0x37,0x17,0x16,0x36,0x36,0x37,0x37,0x01,0x33,0x13,0x16,0x16,0x17,0x23,0x36,
    0x36,0x37,0x13,0x33,0x01,0x0e,0x02,0x23,0x22,0x26,0x8c,0x2e,0x13,0x37,0x5a,0x48,
    0x1b,0x20,0xfe,0x55,0xc5,0xee,0x26,0x34,0x1d,0x42,0x1d,0x35,0x25,0xf0,0xc4,0xfe,
    0x15,0x22,0x5f,0x7e,0x4f,0x30,0x46,0xfe,0x6b,0x9c,0x05,0x0e,0x0d,0x4c,0x50,0x5d,
    0x04,0x64,0xfd,0x69,0x68,0xcc,0x60,0x60,0xcd,0x67,0x02,0x97,0xfa,0xfb,0x59,0x73,
    0x37,0x0e,0x00,0x01,0x00,0x7e,0x00,0x00,0x03,0xed,0x04,0x5e,0x00,0x0b,0x00,0x00,
    0x73,0x35,0x01,0x35,0x21,0x35,0x21,0x15,0x01,0x15,0x21,0x15,0x7e,0x02,0x73,0xfd,
    0xa1,0x03,0x47,0xfd,0x9f,0x02,0x75,0x86,0x03,0x26,0x0b,0xa7,0x8f,0xfc,0xe3,0x0b,
    0xa7,0x00,0x00,0x02,0x00,0x74,0xff,0x26,0x04,0xae,0x06,0xac,0x00,0x03,0x00,0x36,
    0x00,0x00,0x45,0x11,0x33,0x11,0x27,0x22,0x26,0x26,0x27,0x33,0x1e,0x02,0x33,0x32,
    0x36,0x36,0x35,0x34,0x26,0x26,0x27,0x27,0x26,0x26,0x35,0x34,0x36,0x36,0x33,0x32,
    0x16,0x16,0x17,0x23,0x26,0x26,0x23,0x22,0x06,0x06,0x15,0x14,0x16,0x16,0x17,0x17,
    0x1e,0x03,0x15,0x14,0x06,0x06,0x02,0x55,0x78,0x3c,0xa1,0xed,0x86,0x09,0xc3,0x08,
    0x62,0x99,0x57,0x65,0xa1,0x5e,0x51,0x86,0x50,0xb4,0xb4,0xc8,0x88,0xe8,0x90,0x93,
    0xe2,0x83,0x04,0xba,0x0d,0xb6,0x85,0x60,0x91,0x50,0x61,0x85,0x36,0x95,0x3c,0x91,
    0x84,0x55,0x7f,0xf2,0xda,0x07,0x86,0xf8,0x7a,0xc0,0x68,0xbb,0x7d,0x54,0x6d,0x35,
    0x42,0x78,0x4f,0x48,0x5a,0x3a,0x16,0x33,0x33,0xbe,0x94,0x7e,0xbd,0x68,0x68,0xb3,
    0x71,0x6d,0x77,0x3f,0x6d,0x46,0x4e,0x5f,0x35,0x0f,0x29,0x10,0x38,0x5d,0x8f,0x68,
    0x7a,0xc4,0x72,0x00,0x00,0x02,0x00,0x7a,0xff,0xec,0x04,0x92,0x05,0xe6,0x00,0x0f,
    0x00,0x1f,0x00,0x00,0x45,0x22,0x26,0x02,0x35,0x34,0x12,0x36,0x33,0x32,0x16,0x12,
    0x15,0x14,0x02,0x06,0x27,0x32,0x36,0x12,0x35,0x34,0x02,0x26,0x23,0x22,0x06,0x02,
    0x15,0x14,0x12,0x16,0x02,0x86,0xa6,0xea,0x7c,0x7d,0xea,0xa5,0xa5,0xeb,0x7c,0x7b,
    0xea,0xa7,0x6d,0x98,0x50,0x50,0x98,0x6d,0x6d,0x98,0x50,0x50,0x98,0x14,0xb4,0x01,
    0x55,0xf3,0xf2,0x01,0x56,0xb6,0xb6,0xfe,0xaa,0xf2,0xf2,0xfe,0xaa,0xb4,0xa6,0x8e,
    0x01,0x0b,0xbd,0xbe,0x01,0x0d,0x8e,0x8f,0xfe,0xf4,0xbe,0xbd,0xfe,0xf5,0x8e,0x00,
    0x00,0x01,0x00,0x60,0x00,0x00,0x02,0x8d,0x05,0xd2,0x00,0x07,0x00,0x00,0x41,0x11,
    0x23,0x11,0x23,0x01,0x35,0x25,0x02,0x8d,0xbb,0x0a,0xfe,0x98,0x01,0x44,0x05,0xd2,
    0xfa,0x2e,0x05,0x22,0xfe,0xf5,0xcc,0xef,0x00,0x01,0x00,0x9a,0x00,0x00,0x04,0x4f,
    0x05,0xe6,0x00,0x1f,0x00,0x00,0x73,0x35,0x01,0x3e,0x02,0x35,0x34,0x26,0x26,0x23,
    0x22,0x06,0x06,0x15,0x23,0x34,0x36,0x36,0x33,0x32,0x16,0x16,0x15,0x14,0x06,0x06,
    0x07,0x01,0x15,0x21,0x15,0x9a,0x01,0xef,0x53,0x6e,0x38,0x4a,0x7e,0x50,0x55,0x7d,
    0x44,0xb6,0x7a,0xd2,0x85,0x85,0xcd,0x75,0x3a,0x92,0x84,0xfe,0xba,0x02,0xaf,0x89,
    0x02,0x19,0x5a,0x88,0x7b,0x45,0x4e,0x72,0x3d,0x45,0x7d,0x54,0x84,0xc8,0x6f,0x6f,
    0xbc,0x75,0x51,0x99,0xc2,0x8c,0xfe,0xa5,0x0c,0xa7,0x00,0x01,0x00,0x7d,0xff,0xec,
    0x04,0x77,0x05,0xe6,0x00,0x34,0x00,0x00,0x45,0x22,0x26,0x26,0x27,0x33,0x1e,0x02,
    0x33,0x32,0x36,0x36,0x35,0x34,0x26,0x26,0x23,0x23,0x35,0x33,0x32,0x36,0x36,0x35,
    0x34,0x26,0x26,0x23,0x22,0x06,0x06,0x07,0x23,0x3e,0x02,0x33,0x32,0x16,0x16,0x15,
    0x14,0x06,0x07,0x15,0x1e,0x02,0x15,0x14,0x06,0x06,0x02,0x7b,0x92,0xe2,0x85,0x05,
    0xc0,0x06,0x55,0x8b,0x55,0x5e,0x91,0x54,0x51,0x9a,0x6f,0x79,0x79,0x57,0x85,0x4a,
    0x41,0x78,0x51,0x4c,0x85,0x55,0x03,0xb7,0x04,0x84,0xd9,0x83,0x8b,0xc9,0x6c,0x85,
    0x72,0x5f,0x87,0x47,0x84,0xe6,0x14,0x64,0xb2,0x76,0x47,0x67,0x37,0x41,0x76,0x4d,
    0x51,0x7b,0x46,0xa5,0x3f,0x72,0x4d,0x4a,0x6e,0x3d,0x37,0x66,0x49,0x75,0xb2,0x64,
    0x70,0xb6,0x6a,0x7e,0xb0,0x22,0x0c,0x0f,0x62,0x96,0x5e,0x7a,0xc0,0x6f,0x00,0x02,
    0x00,0x78,0x00,0x00,0x04,0xb5,0x05,0xd2,0x00,0x09,0x00,0x0f,0x00,0x00,0x53,0x35,
    0x01,0x33,0x15,0x23,0x01,0x15,0x21,0x15,0x01,0x11,0x37,0x11,0x33,0x11,0x78,0x02,
    0x8c,0x73,0x4d,0xfe,0x19,0x03,0x72,0xfe,0x80,0x01,0xb5,0x01,0x2f,0x9b,0x04,0x08,
    0xee,0xfc,0xfe,0x0c,0xa7,0xfe,0xd1,0x01,0x5d,0x49,0x04,0x2c,0xfa,0x2e,0x00,0x01,
    0x00,0x80,0xff,0xec,0x04,0x45,0x05,0xd2,0x00,0x26,0x00,0x00,0x45,0x22,0x26,0x26,
    0x27,0x33,0x1e,0x02,0x33,0x32,0x36,0x36,0x35,0x34,0x26,0x26,0x23,0x22,0x06,0x07,
    0x27,0x13,0x21,0x15,0x21,0x03,0x33,0x36,0x36,0x33,0x32,0x1e,0x02,0x15,0x14,0x06,
    0x06,0x02,0x54,0x83,0xd0,0x7c,0x05,0xb8,0x06,0x4e,0x7d,0x4b,0x5a,0x8d,0x50,0x54,
    0x91,0x5e,0x45,0x8e,0x2c,0xb2,0x58,0x03,0x10,0xfd,0x90,0x33,0x08,0x2e,0x8c,0x4d,
    0x66,0xad,0x80,0x47,0x81,0xe0,0x14,0x67,0xb3,0x72,0x42,0x68,0x3b,0x54,0x94,0x5e,
    0x60,0x98,0x57,0x2c,0x22,0x16,0x02,0xe2,0xa7,0xfe,0x4d,0x26,0x31,0x4a,0x87,0xb6,
    0x6c,0x8f,0xe0,0x81,0x00,0x02,0x00,0x7a,0xff,0xec,0x04,0x7c,0x05,0xe6,0x00,0x22,
    0x00,0x33,0x00,0x00,0x45,0x22,0x26,0x26,0x02,0x35,0x34,0x12,0x36,0x36,0x33,0x32,
    0x16,0x16,0x17,0x23,0x26,0x26,0x23,0x22,0x06,0x06,0x15,0x33,0x3e,0x02,0x33,0x32,
    0x16,0x16,0x15,0x14,0x06,0x06,0x27,0x32,0x36,0x36,0x35,0x34,0x26,0x26,0x23,0x22,
    0x0e,0x02,0x15,0x14,0x16,0x16,0x02,0x86,0x5d,0xba,0x99,0x5c,0x4b,0x8f,0xca,0x7f,
    0x7d,0xc6,0x7e,0x12,0xba,0x19,0x8c,0x74,0x72,0xa5,0x58,0x0c,0x28,0x70,0x8a,0x4d,
    0x80,0xd4,0x7f,0x7c,0xe2,0x98,0x5a,0x90,0x54,0x51,0x8e,0x5a,0x44,0x75,0x58,0x31,
    0x52,0x90,0x14,0x44,0xa0,0x01,0x12,0xce,0xc5,0x01,0x31,0xd3,0x6d,0x64,0xb2,0x75,
    0x61,0x82,0x86,0xfd,0xb3,0x3e,0x59,0x2f,0x7e,0xdf,0x90,0x8b,0xe3,0x87,0xa7,0x5a,
    0x97,0x5d,0x5b,0x95,0x58,0x35,0x5d,0x77,0x41,0x58,0x97,0x5d,0x00,0x01,0x00,0x62,
    0x00,0x00,0x04,0x25,0x05,0xd2,0x00,0x07,0x00,0x00,0x73,0x01,0x35,0x21,0x35,0x21,
    0x15,0x01,0xc8,0x02,0x96,0xfd,0x04,0x03,0xc3,0xfd,0x6b,0x05,0x1f,0x0c,0xa7,0xb1,
    0xfa,0xdf,0x00,0x03,0x00,0x7a,0xff,0xec,0x04,0x79,0x05,0xe6,0x00,0x1f,0x00,0x2f,
    0x00,0x3f,0x00,0x00,0x45,0x22,0x26,0x26,0x35,0x34,0x36,0x36,0x37,0x35,0x26,0x26,
    0x35,0x34,0x36,0x36,0x33,0x32,0x16,0x16,0x15,0x14,0x06,0x07,0x15,0x1e,0x02,0x15,
    0x14,0x06,0x06,0x27,0x32,0x36,0x36,0x35,0x34,0x26,0x26,0x23,0x22,0x06,0x06,0x15,
    0x14,0x16,0x16,0x13,0x32,0x36,0x36,0x35,0x34,0x26,0x26,0x23,0x22,0x06,0x06,0x15,
    0x14,0x16,0x16,0x02,0x79,0x97,0xe7,0x81,0x4c,0x84,0x53,0x6d,0x80,0x76,0xce,0x85,
    0x83,0xce,0x77,0x81,0x6a,0x51,0x84,0x4e,0x83,0xe7,0x96,0x63,0x90,0x4f,0x54,0x92,
    0x5c,0x5e,0x92,0x54,0x4e,0x92,0x64,0x4f,0x7a,0x47,0x44,0x7b,0x51,0x52,0x7b,0x44,
    0x45,0x7c,0x14,0x6b,0xbc,0x79,0x5e,0xa1,0x6c,0x0f,0x08,0x1c,0xba,0x76,0x72,0xb3,
    0x67,0x67,0xb3,0x72,0x76,0xba,0x1c,0x08,0x0f,0x6c,0xa1,0x5e,0x79,0xbc,0x6b,0xa5,
    0x41,0x75,0x4f,0x53,0x7f,0x49,0x49,0x7f,0x53,0x4f,0x75,0x41,0x02,0xbf,0x3f,0x72,
    0x4b,0x4b,0x6e,0x3d,0x3d,0x6e,0x4b,0x4b,0x72,0x3f,0x00,0x02,0x00,0x7a,0xff,0xec,
    0x04,0x7c,0x05,0xe9,0x00,0x22,0x00,0x33,0x00,0x00,0x45,0x22,0x26,0x26,0x27,0x33,
    0x16,0x16,0x33,0x32,0x36,0x36,0x35,0x23,0x0e,0x02,0x23,0x22,0x26,0x26,0x35,0x34,
    0x36,0x36,0x17,0x1e,0x02,0x12,0x15,0x14,0x02,0x06,0x06,0x03,0x32,0x3e,0x02,0x35,
    0x34,0x26,0x26,0x23,0x22,0x06,0x06,0x15,0x14,0x16,0x16,0x02,0x5b,0x7f,0xc6,0x7e,
    0x12,0xbc,0x17,0x8c,0x76,0x72,0xa4,0x59,0x0c,0x28,0x70,0x89,0x4e,0x80,0xd6,0x7f,
    0x7e,0xe3,0x99,0x5c,0xb8,0x98,0x5c,0x4b,0x8e,0xca,0x6e,0x44,0x76,0x58,0x32,0x53,
    0x8f,0x5c,0x5a,0x8f,0x54,0x51,0x8c,0x14,0x64,0xb4,0x77,0x63,0x84,0x86,0xfe,0xb4,
    0x3d,0x59,0x31,0x7f,0xdf,0x8f,0x8b,0xe5,0x87,0x03,0x01,0x45,0x9e,0xfe,0xf0,0xce,
    0xc6,0xfe,0xce,0xd3,0x6d,0x02,0xbf,0x36,0x5d,0x77,0x42,0x56,0x95,0x5d,0x59,0x97,
    0x5c,0x5b,0x95,0x58,0x00,0x01,0x00,0x68,0xff,0xec,0x05,0x07,0x05,0xe0,0x00,0x40,
    0x00,0x00,0x45,0x22,0x26,0x26,0x35,0x34,0x36,0x36,0x37,0x37,0x3e,0x02,0x35,0x34,
    0x26,0x23,0x22,0x06,0x06,0x15,0x14,0x16,0x16,0x17,0x01,0x23,0x01,0x2e,0x02,0x35,
    0x34,0x36,0x36,0x33,0x32,0x16,0x16,0x15,0x14,0x06,0x06,0x07,0x05,0x06,0x06,0x15,
    0x14,0x16,0x16,0x33,0x32,0x3e,0x02,0x35,0x33,0x14,0x06,0x06,0x07,0x07,0x06,0x06,
    0x02,0x44,0x93,0xd6,0x73,0x50,0x8d,0x59,0xdd,0x1b,0x40,0x2d,0x5f,0x51,0x38,0x56,
    0x2f,0x33,0x58,0x38,0x02,0xae,0xd9,0xfd,0xcb,0x50,0x7f,0x49,0x5a,0xa5,0x6e,0x70,
    0xa2,0x58,0x33,0x59,0x3a,0xfe,0xd6,0x5c,0x4b,0x46,0x7e,0x52,0x59,0xa4,0x82,0x4c,
    0xad,0x44,0x57,0x1d,0x24,0x49,0xdb,0x14,0x6d,0xb9,0x73,0x62,0x8e,0x7a,0x42,0xa3,
    0x14,0x38,0x4e,0x34,0x47,0x5c,0x2e,0x51,0x36,0x38,0x66,0x6e,0x44,0xfc,0xc0,0x02,
    0xa6,0x61,0x99,0x96,0x59,0x63,0x98,0x56,0x57,0x91,0x59,0x44,0x74,0x62,0x2b,0xdd,
    0x44,0x75,0x45,0x49,0x6f,0x3e,0x49,0x88,0xc0,0x78,0x94,0xbe,0x6e,0x1c,0x2d,0x4f,
    0x4e,0x00,0x00,0x02,0x00,0xa0,0xff,0xf3,0x01,0xad,0x05,0xd2,0x00,0x03,0x00,0x0f,
    0x00,0x00,0x53,0x03,0x33,0x03,0x03,0x22,0x26,0x35,0x34,0x36,0x33,0x32,0x16,0x15,
    0x14,0x06,0xcc,0x0c,0xcc,0x0d,0x58,0x38,0x4f,0x4f,0x38,0x38,0x4e,0x4e,0x01,0xdf,
    0x03,0xf3,0xfc,0x0d,0xfe,0x14,0x4f,0x37,0x38,0x4f,0x4f,0x38,0x37,0x4f,0x00,0x02,
    0x00,0x52,0xff,0xf3,0x03,0xb1,0x05,0xe6,0x00,0x21,0x00,0x2d,0x00,0x00,0x41,0x35,
    0x34,0x36,0x36,0x37,0x36,0x36,0x35,0x34,0x26,0x26,0x23,0x22,0x06,0x06,0x07,0x23,
    0x3e,0x02,0x33,0x32,0x16,0x16,0x15,0x14,0x06,0x07,0x0e,0x02,0x15,0x15,0x03,0x22,
    0x26,0x35,0x34,0x36,0x33,0x32,0x16,0x15,0x14,0x06,0x01,0x7f,0x35,0x64,0x45,0x42,
    0x5a,0x41,0x6e,0x44,0x3b,0x6d,0x48,0x06,0xbe,0x05,0x77,0xc2,0x76,0x82,0xbf,0x6a,
    0x6a,0x61,0x40,0x4f,0x23,0x58,0x38,0x4f,0x4f,0x38,0x38,0x4e,0x4e,0x01,0xc1,0x0b,
    0x89,0x95,0x57,0x29,0x28,0x7b,0x57,0x46,0x65,0x38,0x31,0x68,0x53,0x7e,0xb0,0x5d,
    0x65,0xb2,0x72,0x79,0xac,0x3b,0x27,0x49,0x68,0x59,0x0b,0xfe,0x32,0x4f,0x37,0x38,
    0x4f,0x4f,0x38,0x37,0x4f,0x00,0x00,0x01,0x00,0xda,0xfe,0xe9,0x02,0x8b,0x06,0x2d,
    0x00,0x10,0x00,0x00,0x53,0x34,0x12,0x12,0x37,0x33,0x06,0x02,0x02,0x15,0x14,0x12,
    0x12,0x17,0x23,0x26,0x02,0xda,0x43,0x74,0x4b,0xaf,0x4d,0x71,0x3c,0x35,0x6f,0x56,
    0xaf,0x7f,0x83,0x02,0x5f,0xa3,0x01,0x65,0x01,0x4b,0x7b,0x9d,0xfe,0xac,0xfe,0xb5,
    0x92,0x85,0xfe,0xf0,0xfe,0xd1,0xb2,0xd9,0x01,0xc2,0x00,0x01,0x00,0x60,0xfe,0xe9,
    0x02,0x11,0x06,0x2d,0x00,0x10,0x00,0x00,0x53,0x36,0x12,0x12,0x35,0x34,0x02,0x02,
    0x27,0x33,0x16,0x12,0x12,0x15,0x14,0x02,0x07,0x60,0x59,0x6e,0x33,0x3c,0x70,0x4e,
    0xaf,0x4b,0x75,0x42,0x85,0x7d,0xfe,0xe9,0xb7,0x01,0x31,0x01,0x0e,0x80,0x92,0x01,
    0x4b,0x01,0x54,0x9d,0x7b,0xfe,0xb5,0xfe,0x9a,0xa2,0xdf,0xfe,0x3e,0xd5,0x00,0x01,
    0x00,0xe2,0xfe,0xe9,0x02,0x70,0x06,0x2d,0x00,0x07,0x00,0x00,0x53,0x11,0x21,0x15,
    0x23,0x11,0x33,0x15,0xe2,0x01,0x8e,0xe2,0xe2,0xfe,0xe9,0x07,0x44,0x99,0xf9,0xee,
    0x99,0x00,0x00,0x01,0x00,0x7b,0xfe,0xe9,0x02,0x09,0x06,0x2d,0x00,0x07,0x00,0x00,
    0x53,0x35,0x33,0x11,0x23,0x35,0x21,0x11,0x7b,0xe2,0xe2,0x01,0x8e,0xfe,0xe9,0x99,
    0x06,0x12,0x99,0xf8,0xbc,0x00,0x00,0x03,0x00,0x90,0xfe,0xe9,0x02,0xee,0x06,0x2d,
    0x00,0x13,0x00,0x27,0x00,0x2b,0x00,0x00,0x53,0x35,0x32,0x36,0x35,0x35,0x34,0x3e,
    0x02,0x33,0x15,0x26,0x06,0x15,0x11,0x14,0x0e,0x02,0x01,0x22,0x2e,0x02,0x35,0x35,
    0x34,0x26,0x23,0x35,0x32,0x1e,0x02,0x15,0x11,0x14,0x16,0x33,0x01,0x35,0x33,0x15,
    0x90,0x7a,0x60,0x29,0x5b,0x95,0x6b,0x7f,0x5f,0x1e,0x52,0x97,0x01,0xe5,0x6b,0x95,
    0x5b,0x29,0x60,0x7a,0x79,0x97,0x52,0x1e,0x5f,0x7f,0xfd,0xa2,0xb3,0x02,0x86,0x5f,
    0x65,0x76,0xe6,0x66,0x94,0x5f,0x2e,0x97,0x01,0x75,0x7f,0xfe,0xe2,0x39,0x5d,0x44,
    0x25,0xfc,0x63,0x2d,0x5f,0x94,0x67,0xe4,0x77,0x66,0x5f,0x26,0x45,0x5e,0x38,0xfe,
    0xe4,0x7f,0x76,0x02,0xb2,0xb6,0xb6,0x00,0x00,0x03,0x00,0x7b,0xfe,0xe9,0x02,0xd9,
    0x06,0x2d,0x00,0x13,0x00,0x27,0x00,0x2b,0x00,0x00,0x41,0x22,0x2e,0x02,0x35,0x11,
    0x34,0x26,0x23,0x35,0x32,0x1e,0x02,0x15,0x15,0x14,0x16,0x33,0x01,0x35,0x32,0x36,
    0x35,0x11,0x34,0x3e,0x02,0x33,0x15,0x06,0x06,0x15,0x15,0x14,0x0e,0x02,0x01,0x07,
    0x35,0x17,0x02,0xd9,0x79,0x97,0x52,0x1e,0x5e,0x80,0x6b,0x94,0x5b,0x29,0x61,0x7a,
    0xfd,0xa2,0x80,0x5e,0x1e,0x52,0x97,0x79,0x7b,0x60,0x29,0x5b,0x94,0x01,0xf3,0xb4,
    0xb4,0x02,0x86,0x25,0x44,0x5d,0x39,0x01,0x1e,0x7e,0x75,0x97,0x2e,0x5f,0x94,0x66,
    0xe6,0x76,0x65,0xfc,0x04,0x95,0x76,0x7f,0x01,0x1c,0x38,0x5e,0x45,0x26,0x5f,0x01,
    0x66,0x76,0xe4,0x67,0x94,0x5f,0x2d,0x03,0x48,0x01,0xb6,0x01,0x00,0x02,0x00,0x7a,
    0xfe,0x75,0x07,0x40,0x05,0x9e,0x00,0x49,0x00,0x59,0x00,0x00,0x41,0x22,0x24,0x26,
    0x02,0x35,0x34,0x12,0x36,0x24,0x33,0x32,0x04,0x16,0x12,0x15,0x14,0x0e,0x02,0x23,
    0x22,0x26,0x26,0x27,0x23,0x06,0x06,0x23,0x22,0x26,0x26,0x35,0x34,0x36,0x36,0x33,
    0x32,0x16,0x17,0x33,0x35,0x33,0x11,0x14,0x16,0x33,0x32,0x36,0x36,0x35,0x34,0x26,
    0x26,0x24,0x23,0x22,0x04,0x06,0x02,0x15,0x14,0x12,0x16,0x04,0x33,0x32,0x36,0x36,
    0x37,0x17,0x0e,0x02,0x03,0x32,0x36,0x36,0x35,0x34,0x26,0x26,0x23,0x22,0x06,0x06,
    0x15,0x14,0x16,0x16,0x04,0x14,0xdf,0xfe,0xa8,0xeb,0x78,0x7a,0xe9,0x01,0x4e,0xd4,
    0xce,0x01,0x37,0xd2,0x6a,0x16,0x45,0x89,0x74,0x34,0x7a,0x5d,0x09,0x08,0x1a,0x86,
    0x71,0x85,0xb3,0x5b,0x6b,0xbb,0x77,0x60,0x81,0x1b,0x0a,0x9e,0x43,0x40,0x49,0x4e,
    0x1e,0x53,0xa8,0xff,0x00,0xad,0xac,0xfe,0xf2,0xbc,0x62,0x62,0xc2,0x01,0x1c,0xba,
    0x50,0x99,0x78,0x1d,0x2b,0x2e,0x91,0xa5,0x9e,0x61,0x77,0x37,0x3c,0x77,0x57,0x52,
    0x74,0x3e,0x32,0x70,0xfe,0x75,0x7a,0xeb,0x01,0x57,0xdc,0xd5,0x01,0x52,0xed,0x7d,
    0x85,0xe3,0xfe,0xe2,0x98,0x6b,0xd7,0xb3,0x6d,0x20,0x4a,0x3e,0x40,0x61,0x84,0xe1,
    0x8d,0x86,0xd4,0x7b,0x46,0x26,0x54,0xfd,0x6d,0x3c,0x5a,0x64,0xd0,0xa3,0x7c,0xe9,
    0xba,0x6d,0x69,0xc8,0xfe,0xe1,0xb6,0xb8,0xfe,0xe1,0xc5,0x66,0x1e,0x25,0x0a,0x8c,
    0x13,0x26,0x19,0x02,0x49,0x4e,0x9d,0x76,0x78,0x87,0x37,0x55,0x8d,0x54,0x5c,0xa2,
    0x63,0x00,0x00,0x04,0x00,0x22,0x00,0x00,0x04,0xed,0x05,0xd2,0x00,0x03,0x00,0x07,
    0x00,0x0b,0x00,0x0f,0x00,0x00,0x61,0x13,0x33,0x03,0x01,0x37,0x21,0x07,0x01,0x13,
    0x33,0x03,0x03,0x37,0x21,0x07,0x02,0xc7,0xf6,0x97,0xf4,0xfc,0xc2,0x19,0x04,0x5c,
    0x19,0xfc,0x3f,0xf4,0x97,0xf4,0xda,0x19,0x04,0x5a,0x17,0x05,0xd2,0xfa,0x2e,0x01,
    0x9b,0x96,0x96,0xfe,0x65,0x05,0xd2,0xfa,0x2e,0x03,0x9f,0x98,0x98,0x00,0x00,0x01,
    0x00,0x2e,0xff,0x20,0x02,0xb4,0x06,0x18,0x00,0x03,0x00,0x00,0x41,0x01,0x23,0x01,
    0x02,0xb4,0xfe,0x20,0xa6,0x01,0xe0,0x06,0x18,0xf9,0x08,0x06,0xf8,0x00,0x00,0x01,
    0x01,0x06,0xfe,0x20,0x01,0xa3,0x07,0xb2,0x00,0x03,0x00,0x00,0x41,0x11,0x23,0x11,
    0x01,0xa3,0x9d,0x07,0xb2,0xf6,0x6e,0x09,0x92,0x00,0x00,0x01,0x00,0x2e,0xff,0x20,
    0x02,0xb4,0x06,0x18,0x00,0x03,0x00,0x00,0x45,0x01,0x33,0x01,0x02,0x0e,0xfe,0x20,
    0xa6,0x01,0xe0,0xe0,0x06,0xf8,0xf9,0x08,0x00,0x01,0x00,0x90,0x02,0x29,0x03,0x1e,
    0x02,0xcf,0x00,0x03,0x00,0x00,0x41,0x15,0x21,0x35,0x03,0x1e,0xfd,0x72,0x02,0xcf,
    0xa6,0xa6,0x00,0x01,0x00,0x00,0x02,0x29,0x04,0x00,0x02,0xcf,0x00,0x03,0x00,0x00,
    0x41,0x15,0x21,0x35,0x04,0x00,0xfc,0x00,0x02,0xcf,0xa6,0xa6,0x00,0x01,0x00,0x00,
    0x02,0x29,0x08,0x00,0x02,0xcf,0x00,0x03,0x00,0x00,0x41,0x15,0x21,0x35,0x08,0x00,
    0xf8,0x00,0x02,0xcf,0xa6,0xa6,0x00,0x01,0x01,0x00,0x01,0x12,0x03,0x80,0x03,0x92,
    0x00,0x0f,0x00,0x00,0x41,0x22,0x26,0x26,0x35,0x34,0x36,0x36,0x33,0x32,0x16,0x16,
    0x15,0x14,0x06,0x06,0x02,0x40,0x58,0x92,0x56,0x56,0x92,0x58,0x59,0x91,0x56,0x56,
    0x91,0x01,0x12,0x56,0x92,0x58,0x59,0x91,0x56,0x56,0x91,0x59,0x58,0x92,0x56,0x00,
    0x00,0x01,0x00,0xa0,0x03,0x9b,0x01,0xc6,0x05,0xd2,0x00,0x03,0x00,0x00,0x53,0x13,
    0x33,0x03,0xa0,0x9c,0x8a,0x58,0x03,0x9b,0x02,0x37,0xfd,0xc9,0x00,0x01,0x00,0xa0,
    0x03,0x9b,0x01,0xc6,0x05,0xd2,0x00,0x03,0x00,0x00,0x53,0x13,0x33,0x03,0xa0,0x58,
    0xce,0x9c,0x03,0x9b,0x02,0x37,0xfd,0xc9,0x00,0x01,0x00,0xd2,0x03,0x9b,0x01,0x94,
    0x05,0xd2,0x00,0x03,0x00,0x00,0x53,0x03,0x33,0x03,0xe8,0x16,0xc2,0x16,0x03,0x9b,
    0x02,0x37,0xfd,0xc9,0xff,0xff,0x00,0xd2,0x03,0x9b,0x02,0xe8,0x05,0xd2,0x04,0x26,
    0x00,0x56,0x00,0x00,0x00,0x07,0x00,0x56,0x01,0x54,0x00,0x00,0xff,0xff,0x00,0xa0,
    0x03,0x9b,0x03,0x36,0x05,0xd2,0x04,0x26,0x00,0x54,0x00,0x00,0x00,0x07,0x00,0x54,
    0x01,0x70,0x00,0x00,0xff,0xff,0x00,0xa0,0x03,0x9b,0x03,0x36,0x05,0xd2,0x04,0x26,
    0x00,0x55,0x00,0x00,0x00,0x07,0x00,0x55,0x01,0x70,0x00,0x00,0xff,0xff,0x00,0x80,
    0xfe,0x99,0x01,0xa6,0x00,0xd0,0x04,0x07,0x00,0x55,0xff,0xe0,0xfa,0xfe,0x00,0x01,
    0x00,0xa0,0xff,0xf3,0x01,0xae,0x01,0x01,0x00,0x0b,0x00,0x00,0x45,0x22,0x26,0x35,
    0x34,0x36,0x33,0x32,0x16,0x15,0x14,0x06,0x01,0x27,0x38,0x4f,0x4f,0x38,0x38,0x4f,
    0x4f,0x0d,0x4f,0x38,0x38,0x4f,0x4f,0x38,0x38,0x4f,0xff,0xff,0x00,0xa0,0xff,0xf3,
    0x06,0x4a,0x01,0x01,0x04,0x26,0x00,0x5b,0x00,0x00,0x00,0x27,0x00,0x5b,0x02,0x4e,
    0x00,0x00,0x00,0x07,0x00,0x5b,0x04,0x9c,0x00,0x00,0xff,0xff,0x00,0xa0,0xff,0xf3,
    0x01,0xae,0x04,0x2a,0x06,0x26,0x00,0x5b,0x00,0x00,0x00,0x07,0x00,0x5b,0x00,0x00,
    0x03,0x29,0xff,0xff,0x00,0x80,0xfe,0x99,0x01,0xca,0x04,0x2a,0x04,0x27,0x00,0x55,
    0xff,0xe0,0xfa,0xfe,0x00,0x07,0x00,0x5b,0x00,0x1c,0x03,0x29,0x00,0x01,0x00,0xae,
    0x00,0x2c,0x04,0x5e,0x04,0x62,0x00,0x09,0x00,0x00,0x53,0x35,0x01,0x15,0x01,0x37,
    0x15,0x27,0x01,0x15,0xae,0x03,0xb0,0xfd,0x32,0x06,0x06,0x02,0xce,0x02,0x08,0x7e,
    0x01,0xdc,0xc4,0xfe,0xab,0x0c,0x1c,0x0a,0xfe,0xab,0xc2,0x00,0x00,0x01,0x00,0xed,
    0x00,0x2c,0x04,0x9d,0x04,0x62,0x00,0x09,0x00,0x00,0x41,0x01,0x35,0x01,0x07,0x35,
    0x17,0x01,0x35,0x01,0x04,0x9d,0xfc,0x50,0x02,0xcf,0x07,0x07,0xfd,0x31,0x03,0xb0,
    0x02,0x08,0xfe,0x24,0xc2,0x01,0x55,0x0a,0x1c,0x0c,0x01,0x55,0xc4,0xfe,0x24,0x00,
    0x00,0x02,0x00,0xe2,0x01,0x1b,0x04,0x6a,0x03,0x73,0x00,0x03,0x00,0x07,0x00,0x00,
    0x53,0x35,0x21,0x15,0x01,0x35,0x21,0x15,0xe2,0x03,0x88,0xfc,0x78,0x03,0x88,0x02,
    0xcd,0xa6,0xa6,0xfe,0x4e,0xa6,0xa6,0x00,0x00,0x02,0x00,0xc3,0x00,0x64,0x04,0x88,
    0x04,0x2a,0x00,0x03,0x00,0x07,0x00,0x00,0x65,0x11,0x33,0x11,0x01,0x35,0x21,0x15,
    0x02,0x51,0xa9,0xfd,0xc9,0x03,0xc5,0x64,0x03,0xc6,0xfc,0x3a,0x01,0x94,0x9f,0x9f,
    0x00,0x02,0x00,0xd2,0x00,0x70,0x04,0x7e,0x04,0x1e,0x00,0x03,0x00,0x07,0x00,0x00,
    0x65,0x01,0x37,0x01,0x05,0x27,0x01,0x17,0x04,0x0a,0xfc,0xc8,0x74,0x03,0x38,0xfc,
    0xc8,0x74,0x03,0x38,0x74,0x70,0x03,0x38,0x76,0xfc,0xc6,0x74,0x74,0x03,0x3a,0x76,
    0x00,0x01,0x00,0xa6,0x01,0x90,0x04,0xa5,0x03,0x0c,0x00,0x1b,0x00,0x00,0x53,0x26,
    0x36,0x36,0x33,0x32,0x16,0x17,0x16,0x16,0x33,0x32,0x36,0x35,0x33,0x16,0x06,0x06,
    0x23,0x22,0x26,0x27,0x26,0x26,0x23,0x22,0x06,0x17,0xa8,0x02,0x53,0x87,0x4a,0x4a,
    0x7a,0x51,0x35,0x40,0x26,0x3e,0x47,0xa4,0x02,0x54,0x86,0x4a,0x4c,0x7c,0x4d,0x36,
    0x3f,0x26,0x3a,0x4c,0x01,0x01,0xb7,0x7c,0x96,0x43,0x3e,0x47,0x2e,0x26,0x5a,0x57,
    0x7b,0x96,0x43,0x41,0x43,0x2f,0x25,0x52,0x5f,0x00,0x00,0x01,0x00,0x00,0xff,0x5a,
    0x03,0xa6,0x00,0x00,0x00,0x03,0x00,0x00,0x61,0x15,0x21,0x35,0x03,0xa6,0xfc,0x5a,
    0xa6,0xa6,0x00,0x02,0x00,0x52,0x03,0x2e,0x03,0x73,0x05,0xa3,0x00,0x03,0x00,0x0b,
    0x00,0x00,0x41,0x33,0x15,0x23,0x01,0x01,0x33,0x01,0x23,0x03,0x33,0x03,0x01,0xc8,
    0x34,0x34,0xfe,0x8a,0x01,0x2d,0xc7,0x01,0x2d,0xb1,0xe7,0x0f,0xe5,0x05,0x50,0x4b,
    0xfe,0x29,0x02,0x75,0xfd,0x8b,0x01,0xf5,0xfe,0x0b,0x00,0x01,0x00,0x72,0x02,0x8c,
    0x03,0x90,0x05,0xd2,0x00,0x11,0x00,0x00,0x41,0x13,0x05,0x27,0x25,0x25,0x37,0x05,
    0x03,0x33,0x03,0x25,0x17,0x05,0x05,0x07,0x25,0x13,0x01,0xb9,0x0d,0xfe,0xf4,0x48,
    0x01,0x1a,0xfe,0xe6,0x48,0x01,0x0c,0x0d,0x90,0x0c,0x01,0x0b,0x48,0xfe,0xe6,0x01,
    0x1a,0x48,0xfe,0xf5,0x0c,0x02,0x8c,0x01,0x3d,0xab,0x7e,0x92,0x92,0x80,0xab,0x01,
    0x3d,0xfe,0xc3,0xab,0x80,0x92,0x92,0x7e,0xab,0xfe,0xc3,0x00,0x00,0x05,0x00,0xe6,
    0xff,0xe3,0x06,0xf5,0x05,0xea,0x00,0x11,0x00,0x1f,0x00,0x31,0x00,0x3f,0x00,0x43,
    0x00,0x00,0x41,0x22,0x26,0x26,0x35,0x35,0x34,0x36,0x36,0x33,0x32,0x16,0x16,0x15,
    0x15,0x14,0x06,0x06,0x27,0x32,0x36,0x35,0x35,0x34,0x26,0x23,0x22,0x06,0x15,0x15,
    0x14,0x16,0x01,0x22,0x26,0x26,0x35,0x35,0x34,0x36,0x36,0x33,0x32,0x16,0x16,0x15,
    0x15,0x14,0x06,0x06,0x27,0x32,0x36,0x35,0x35,0x34,0x26,0x23,0x22,0x06,0x15,0x15,
    0x14,0x16,0x05,0x01,0x33,0x01,0x02,0x0b,0x5f,0x83,0x43,0x44,0x83,0x5e,0x60,0x81,
    0x42,0x43,0x81,0x5f,0x4c,0x3e,0x3c,0x4e,0x4b,0x41,0x3f,0x04,0x14,0x5f,0x83,0x43,
    0x44,0x83,0x5e,0x60,0x82,0x41,0x43,0x81,0x5f,0x4c,0x3e,0x3c,0x4e,0x4b,0x41,0x3f,
    0xfc,0x0f,0x04,0x00,0xa9,0xfc,0x00,0x03,0x3f,0x53,0x8a,0x52,0x4e,0x52,0x89,0x53,
    0x53,0x89,0x52,0x4e,0x52,0x8a,0x53,0x83,0x69,0x43,0x4e,0x42,0x6a,0x6a,0x42,0x4e,
    0x43,0x69,0xfc,0x21,0x53,0x8a,0x52,0x4e,0x52,0x89,0x53,0x53,0x89,0x52,0x4e,0x52,
    0x8a,0x53,0x83,0x69,0x43,0x4e,0x42,0x6a,0x6a,0x42,0x4e,0x43,0x69,0x66,0x05,0xd2,
    0xfa,0x2e,0xff,0xff,0x00,0x96,0x04,0xf0,0x01,0xeb,0x06,0x16,0x04,0x06,0x00,0x6a,
    0x00,0x00,0x00,0x01,0x00,0x96,0x04,0xf0,0x01,0xeb,0x06,0x16,0x00,0x03,0x00,0x00,
    0x41,0x03,0x33,0x13,0x01,0x57,0xc1,0xc9,0x8c,0x04,0xf0,0x01,0x26,0xfe,0xda,0x00,
    0x00,0x01,0x00,0xca,0x00,0x00,0x06,0xa2,0x05,0x18,0x00,0x1b,0x00,0x00,0x61,0x01,
    0x01,0x17,0x07,0x0e,0x02,0x07,0x37,0x3e,0x02,0x33,0x21,0x15,0x21,0x22,0x26,0x26,
    0x27,0x27,0x1e,0x03,0x17,0x17,0x03,0x56,0xfd,0x74,0x02,0x8c,0x74,0xd3,0x33,0x83,
    0x82,0x34,0x1c,0x2a,0x53,0x53,0x29,0x04,0x02,0xfb,0xfe,0x29,0x53,0x53,0x2a,0x1c,
    0x27,0x5d,0x64,0x5d,0x27,0xd3,0x02,0x8c,0x02,0x8c,0x74,0xd2,0x33,0x70,0x69,0x27,
    0x20,0x09,0x0e,0x09,0xa6,0x09,0x0f,0x08,0x20,0x1d,0x4a,0x53,0x53,0x26,0xd2,0x00,
    0x00,0x01,0x01,0x00,0x00,0x00,0x06,0xd8,0x05,0x18,0x00,0x1b,0x00,0x00,0x61,0x27,
    0x37,0x3e,0x03,0x37,0x07,0x0e,0x02,0x23,0x21,0x35,0x21,0x32,0x16,0x16,0x17,0x17,
    0x2e,0x02,0x27,0x27,0x37,0x01,0x04,0x4c,0x74,0xd3,0x27,0x5d,0x64,0x5d,0x27,0x1c,
    0x29,0x53,0x53,0x2a,0xfb,0xfe,0x04,0x02,0x2a,0x53,0x53,0x29,0x1c,0x33,0x83,0x82,
    0x34,0xd3,0x74,0x02,0x8c,0x74,0xd2,0x26,0x53,0x53,0x4a,0x1d,0x20,0x08,0x0f,0x09,
    0xa6,0x09,0x0e,0x09,0x20,0x27,0x69,0x70,0x33,0xd2,0x74,0xfd,0x74,0x00,0x00,0x01,
    0x00,0xca,0x00,0x00,0x05,0xe2,0x05,0xea,0x00,0x1b,0x00,0x00,0x53,0x01,0x01,0x07,
    0x27,0x2e,0x02,0x27,0x17,0x1e,0x02,0x15,0x11,0x23,0x11,0x34,0x36,0x36,0x37,0x37,
    0x0e,0x03,0x07,0x07,0xca,0x02,0x8c,0x02,0x8c,0x74,0xd2,0x33,0x70,0x69,0x27,0x20,
    0x09,0x0e,0x09,0xa6,0x09,0x0f,0x08,0x20,0x1d,0x4a,0x53,0x53,0x26,0xd2,0x03,0x5e,
    0x02,0x8c,0xfd,0x74,0x74,0xd3,0x34,0x82,0x83,0x33,0x1c,0x29,0x53,0x53,0x2a,0xfb,
    0xec,0x04,0x14,0x2a,0x53,0x53,0x29,0x1c,0x27,0x5d,0x64,0x5d,0x27,0xd3,0x00,0x01,
    0x00,0xca,0xff,0xe8,0x05,0xe2,0x05,0xd2,0x00,0x1b,0x00,0x00,0x41,0x01,0x01,0x37,
    0x17,0x1e,0x02,0x17,0x27,0x2e,0x02,0x35,0x11,0x33,0x11,0x14,0x06,0x06,0x07,0x07,
    0x3e,0x03,0x37,0x37,0x05,0xe2,0xfd,0x74,0xfd,0x74,0x74,0xd2,0x33,0x71,0x68,0x27,
    0x20,0x08,0x0f,0x09,0xa6,0x09,0x0e,0x09,0x20,0x1d,0x4a,0x53,0x53,0x26,0xd2,0x02,
    0x74,0xfd,0x74,0x02,0x8c,0x74,0xd3,0x33,0x83,0x82,0x34,0x1c,0x2a,0x53,0x53,0x29,
    0x04,0x14,0xfb,0xec,0x29,0x53,0x53,0x2a,0x1c,0x27,0x5d,0x64,0x5d,0x27,0xd3,0x00,
    0x00,0x01,0x00,0xde,0x00,0xad,0x06,0x5f,0x04,0xb1,0x00,0x05,0x00,0x00,0x53,0x37,
    0x01,0x01,0x17,0x01,0xde,0x75,0x01,0x7d,0x03,0x16,0x79,0xfc,0x71,0x02,0x9d,0x78,
    0xfe,0x8a,0x03,0x12,0x77,0xfc,0x73,0x00,0x00,0x01,0x00,0x7a,0x05,0x15,0x01,0x75,
    0x06,0x03,0x00,0x0b,0x00,0x00,0x53,0x22,0x26,0x35,0x34,0x36,0x33,0x32,0x16,0x15,
    0x14,0x06,0xf7,0x33,0x4a,0x4a,0x33,0x34,0x4a,0x4a,0x05,0x15,0x46,0x31,0x32,0x45,
    0x45,0x32,0x31,0x46,0x00,0x00,0x00,0x03,0x00,0x2a,0x00,0x03,0x00,0x01,0x04,0x09,
    0x00,0x01,0x00,0x0a,0x00,0x00,0x00,0x03,0x00,0x01,0x04,0x09,0x00,0x02,0x00,0x0e,
    0x00,0x0a,0x00,0x03,0x00,0x01,0x04,0x09,0x00,0x06,0x00,0x1a,0x00,0x18,0x00,0x49,
    0x00,0x6e,0x00,0x74,0x00,0x65,0x00,0x72,0x00,0x52,0x00,0x65,0x00,0x67,0x00,0x75,
    0x00,0x6c,0x00,0x61,0x00,0x72,0x00,0x49,0x00,0x6e,0x00,0x74,0x00,0x65,0x00,0x72,
    0x00,0x2d,0x00,0x52,0x00,0x65,0x00,0x67,0x00,0x75,0x00,0x6c,0x00,0x61,0x00,0x72,
    0x00,0x03,0x00,0x00,0x00,0x00,0x00,0x00,0xfe,0xa4,0x00,0x8c,0x00,0x00,0x00,0x00,
    0x00,0x00,0x00,0x00,0x00,0x00,0x00,0x00,0x00,0x00,0x00,0x00,0x00,0x00,0x00,0x00,
    0x00,0x01,0x00,0x01,0xff,0xff,0x00,0x0f,
};

static const unsigned char PSX_UI_FONT_SEMIBOLD_TTF[10664] = {
    0x00,0x01,0x00,0x00,0x00,0x0c,0x00,0x80,0x00,0x03,0x00,0x40,0x4f,0x53,0x2f,0x32,
    0xf1,0xdf,0x1a,0xd4,0x00,0x00,0x01,0x48,0x00,0x00,0x00,0x60,0x63,0x6d,0x61,0x70,
    0xd8,0x7e,0x49,0x56,0x00,0x00,0x03,0x70,0x00,0x00,0x00,0xf6,0x67,0x61,0x73,0x70,
    0x00,0x00,0x00,0x10,0x00,0x00,0x29,0xa0,0x00,0x00,0x00,0x08,0x67,0x6c,0x79,0x66,
    0x28,0xc4,0x3a,0x46,0x00,0x00,0x05,0x58,0x00,0x00,0x23,0xcc,0x68,0x65,0x61,0x64,
    0x30,0x1e,0xfe,0x08,0x00,0x00,0x00,0xcc,0x00,0x00,0x00,0x36,0x68,0x68,0x65,0x61,
    0x0f,0x99,0x0c,0x88,0x00,0x00,0x01,0x04,0x00,0x00,0x00,0x24,0x68,0x6d,0x74,0x78,
    0x0f,0x8e,0x35,0x70,0x00,0x00,0x01,0xa8,0x00,0x00,0x01,0xc8,0x6c,0x6f,0x63,0x61,
    0x3c,0xcb,0x33,0x6e,0x00,0x00,0x04,0x70,0x00,0x00,0x00,0xe6,0x6d,0x61,0x78,0x70,
    0x00,0x83,0x00,0x80,0x00,0x00,0x01,0x28,0x00,0x00,0x00,0x20,0x6e,0x61,0x6d,0x65,
    0x04,0xfd,0x11,0x89,0x00,0x00,0x29,0x24,0x00,0x00,0x00,0x5c,0x70,0x6f,0x73,0x74,
    0xfe,0xb8,0x00,0xad,0x00,0x00,0x29,0x80,0x00,0x00,0x00,0x20,0x70,0x72,0x65,0x70,
    0x68,0x06,0x8c,0x85,0x00,0x00,0x04,0x68,0x00,0x00,0x00,0x07,0x00,0x01,0x00,0x00,
    0x00,0x04,0x00,0x42,0xf6,0xde,0xb5,0x38,0x5f,0x0f,0x3c,0xf5,0x00,0x03,0x08,0x00,
    0x00,0x00,0x00,0x00,0xe2,0x76,0x87,0x90,0x00,0x00,0x00,0x00,0xe6,0xb8,0x2b,0x6c,
    0xff,0xd6,0xfe,0x20,0x08,0x00,0x07,0xb2,0x00,0x00,0x00,0x03,0x00,0x02,0x00,0x00,
    0x00,0x00,0x00,0x00,0x00,0x01,0x00,0x00,0x07,0xc0,0xfe,0x12,0x00,0x00,0x08,0x29,
    0xff,0xd6,0xfd,0xdb,0x08,0x00,0x08,0x00,0x00,0x00,0x00,0x00,0x00,0x00,0x00,0x00,
    0x00,0x00,0x00,0x00,0x00,0x00,0x00,0x72,0x00,0x01,0x00,0x00,0x00,0x72,0x00,0x5a,
    0x00,0x0a,0x00,0x24,0x00,0x03,0x00,0x01,0x00,0x00,0x00,0x00,0x00,0x00,0x00,0x00,
    0x00,0x00,0x00,0x00,0x00,0x03,0x00,0x01,0x00,0x04,0x05,0x38,0x02,0x58,0x00,0x05,
    0x00,0x00,0x05,0x33,0x04,0xcd,0x00,0x00,0x00,0x9a,0x05,0x33,0x04,0xcd,0x00,0x00,
    0x02,0xcd,0x00,0xad,0x02,0x9f,0x00,0x00,0x02,0x00,0x05,0x03,0x00,0x00,0x00,0x02,
    0x00,0x04,0x80,0x00,0x00,0x03,0x00,0x00,0x80,0x20,0x00,0x00,0x00,0x00,0x00,0x00,
    0x00,0x00,0x52,0x53,0x4d,0x53,0x00,0xc0,0x00,0x20,0x27,0x13,0x07,0xc0,0xfe,0x12,
    0x00,0x00,0x08,0xdd,0x02,0x94,0x00,0x00,0x00,0x01,0x00,0x00,0x00,0x00,0x04,0x5e,
    0x05,0xd2,0x00,0x00,0x00,0x20,0x00,0x0c,0x05,0x40,0x01,0x48,0x05,0xd2,0x00,0x32,
    0x05,0x46,0x00,0x96,0x05,0xe5,0x00,0x67,0x05,0xc7,0x00,0x96,0x04,0xd8,0x00,0x96,
    0x04,0xb4,0x00,0x96,0x05,0xfe,0x00,0x67,0x05,0xf7,0x00,0x96,0x02,0x37,0x00,0x96,
    0x04,0xa3,0x00,0x4e,0x05,0xa0,0x00,0x96,0x04,0x86,0x00,0x96,0x07,0x61,0x00,0x96,
    0x06,0x13,0x00,0x96,0x06,0x26,0x00,0x67,0x05,0x29,0x00,0x96,0x06,0x2f,0x00,0x67,
    0x05,0x38,0x00,0x96,0x05,0x34,0x00,0x5f,0x05,0x48,0x00,0x53,0x05,0xe3,0x00,0x96,
    0x05,0xd2,0x00,0x32,0x08,0x29,0x00,0x32,0x05,0xc2,0x00,0x35,0x05,0xb5,0x00,0x32,
    0x05,0x38,0x00,0x74,0x04,0x98,0x00,0x4c,0x04,0xfe,0x00,0x8a,0x04,0xa9,0x00,0x59,
    0x04,0xfe,0x00,0x59,0x04,0xbb,0x00,0x59,0x03,0x1c,0x00,0x14,0x05,0x01,0x00,0x59,
    0x04,0xe6,0x00,0x8a,0x02,0x18,0x00,0x75,0x02,0x18,0x00,0x8a,0x02,0x18,0xff,0xd6,
    0x02,0x18,0xff,0xd6,0x04,0x8e,0x00,0x8a,0x02,0x18,0x00,0x8a,0x07,0x34,0x00,0x8a,
    0x04,0xe5,0x00,0x8a,0x04,0xdf,0x00,0x59,0x04,0xfe,0x00,0x8a,0x04,0xfe,0x00,0x59,
    0x03,0x2d,0x00,0x8a,0x04,0x65,0x00,0x58,0x02,0xd3,0x00,0x14,0x04,0xe6,0x00,0x8a,
    0x04,0xb2,0x00,0x27,0x06,0xb7,0x00,0x2c,0x04,0x8d,0x00,0x32,0x04,0xb5,0x00,0x27,
    0x04,0x87,0x00,0x7a,0x05,0x34,0x00,0x5f,0x05,0x47,0x00,0x67,0x03,0x62,0x00,0x5e,
    0x04,0xfc,0x00,0x7e,0x05,0x17,0x00,0x6b,0x05,0x54,0x00,0x6b,0x04,0xe6,0x00,0x69,
    0x05,0x1e,0x00,0x67,0x04,0x9c,0x00,0x53,0x05,0x1f,0x00,0x67,0x05,0x1e,0x00,0x67,
    0x05,0x4d,0x00,0x59,0x02,0x92,0x00,0xa6,0x04,0x59,0x00,0x50,0x02,0xfc,0x00,0xba,
    0x02,0xfc,0x00,0x4d,0x02,0xfc,0x00,0xc4,0x02,0xfc,0x00,0x6d,0x03,0xa3,0x00,0x8d,
    0x03,0xa3,0x00,0x6d,0x07,0xfe,0x00,0x67,0x05,0x26,0x00,0x1a,0x03,0x08,0x00,0x22,
    0x02,0xdf,0x00,0xf6,0x03,0x08,0x00,0x22,0x03,0xb9,0x00,0x8d,0x04,0x00,0x00,0x00,
    0x08,0x00,0x00,0x00,0x04,0x07,0x00,0xc4,0x02,0x5a,0x00,0xa4,0x02,0x5a,0x00,0xa4,
    0x02,0x9b,0x00,0xcd,0x04,0x2f,0x00,0xcd,0x04,0x0e,0x00,0xa4,0x04,0x03,0x00,0xa4,
    0x02,0x8d,0x00,0x7b,0x02,0x8d,0x00,0xa6,0x07,0xa6,0x00,0xa6,0x02,0x8d,0x00,0xa6,
    0x02,0xa2,0x00,0x7b,0x05,0x62,0x00,0xa9,0x05,0x62,0x00,0xd8,0x05,0x62,0x00,0xcf,
    0x05,0x62,0x00,0xbb,0x05,0x62,0x00,0xb8,0x05,0x62,0x00,0x9d,0x03,0xc1,0x00,0x00,
    0x03,0xda,0x00,0x49,0x04,0x51,0x00,0x91,0x08,0x09,0x00,0xc8,0x02,0xcf,0x00,0x9d,
    0x00,0x00,0x00,0x9d,0x02,0x04,0x00,0x00,0x07,0xa2,0x00,0xca,0x07,0xa2,0x01,0x00,
    0x07,0x0d,0x00,0xca,0x07,0x0d,0x00,0xca,0x07,0x10,0x00,0xcf,0x00,0x00,0x00,0x7f,
    0x00,0x00,0x00,0x02,0x00,0x00,0x00,0x03,0x00,0x00,0x00,0x14,0x00,0x03,0x00,0x01,
    0x00,0x00,0x00,0x14,0x00,0x04,0x00,0xe2,0x00,0x00,0x00,0x22,0x00,0x20,0x00,0x04,
    0x00,0x02,0x00,0x2f,0x00,0x39,0x00,0x40,0x00,0x5a,0x00,0x60,0x00,0x69,0x00,0x7a,
    0x00,0x7e,0x00,0xd7,0x20,0x14,0x20,0x19,0x20,0x1d,0x20,0x22,0x20,0x26,0x21,0x93,
    0x27,0x13,0xff,0xff,0x00,0x00,0x00,0x20,0x00,0x30,0x00,0x3a,0x00,0x41,0x00,0x5b,
    0x00,0x61,0x00,0x6a,0x00,0x7b,0x00,0xd7,0x20,0x13,0x20,0x18,0x20,0x1c,0x20,0x22,
    0x20,0x26,0x21,0x90,0x27,0x13,0xff,0xff,0x00,0x00,0x00,0x08,0x00,0x00,0xff,0xc0,
    0x00,0x00,0xff,0xba,0xff,0xbc,0x00,0x00,0xff,0x8c,0xe0,0x3e,0xe0,0x3c,0xe0,0x3c,
    0xe0,0x31,0xe0,0x36,0x00,0x00,0xd9,0x5d,0x00,0x01,0x00,0x22,0x00,0x00,0x00,0x3e,
    0x00,0x00,0x00,0x48,0x00,0x00,0x00,0x00,0x00,0x4e,0x00,0x00,0x00,0x00,0x00,0x00,
    0x00,0x00,0x00,0x00,0x00,0x00,0x00,0x48,0x00,0x00,0x00,0x00,0x00,0x6b,0x00,0x43,
    0x00,0x57,0x00,0x4c,0x00,0x37,0x00,0x68,0x00,0x42,0x00,0x56,0x00,0x45,0x00,0x46,
    0x00,0x67,0x00,0x62,0x00,0x5a,0x00,0x50,0x00,0x5b,0x00,0x4d,0x00,0x5d,0x00,0x5e,
    0x00,0x5f,0x00,0x61,0x00,0x60,0x00,0x44,0x00,0x4b,0x00,0x47,0x00,0x4f,0x00,0x48,
    0x00,0x66,0x00,0x65,0x00,0x69,0x00,0x49,0x00,0x4e,0x00,0x4a,0x00,0x64,0x00,0x6c,
    0x00,0x6e,0x00,0x6d,0x00,0x6f,0x00,0x00,0xb8,0x01,0xff,0x85,0xb0,0x04,0x8d,0x00,
    0x00,0x00,0x00,0x6a,0x00,0x91,0x00,0xce,0x01,0x08,0x01,0x36,0x01,0x4d,0x01,0x62,
    0x01,0xa0,0x01,0xb9,0x01,0xc7,0x01,0xe6,0x02,0x14,0x02,0x23,0x02,0x6a,0x02,0x99,
    0x02,0xcf,0x02,0xf5,0x03,0x38,0x03,0x67,0x03,0xb2,0x03,0xc5,0x03,0xeb,0x04,0x0c,
    0x04,0x4f,0x04,0x88,0x04,0xab,0x04,0xd5,0x05,0x27,0x05,0x63,0x05,0x9c,0x05,0xd8,
    0x06,0x14,0x06,0x39,0x06,0x87,0x06,0xae,0x06,0xb9,0x06,0xc6,0x06,0xde,0x06,0xe9,
    0x07,0x0e,0x07,0x1c,0x07,0x59,0x07,0x80,0x07,0xb4,0x07,0xf0,0x08,0x2d,0x08,0x4d,
    0x08,0x8f,0x08,0xb3,0x08,0xda,0x08,0xf9,0x09,0x3a,0x09,0x6d,0x09,0x9e,0x09,0xb6,
    0x0a,0x08,0x0a,0x3d,0x0a,0x51,0x0a,0x82,0x0a,0xcd,0x0a,0xee,0x0b,0x2a,0x0b,0x77,
    0x0b,0x8a,0x0b,0xe6,0x0c,0x34,0x0c,0x94,0x0c,0xb3,0x0c,0xf7,0x0d,0x19,0x0d,0x3b,
    0x0d,0x4d,0x0d,0x5f,0x0d,0x9f,0x0d,0xe0,0x0e,0x62,0x0e,0x88,0x0e,0x98,0x0e,0xa6,
    0x0e,0xb5,0x0e,0xc2,0x0e,0xcf,0x0e,0xdc,0x0e,0xf9,0x0f,0x07,0x0f,0x16,0x0f,0x25,
    0x0f,0x31,0x0f,0x3d,0x0f,0x49,0x0f,0x52,0x0f,0x68,0x0f,0x78,0x0f,0x84,0x0f,0x91,
    0x0f,0xaa,0x0f,0xc5,0x0f,0xd9,0x0f,0xed,0x10,0x05,0x10,0x32,0x10,0x3e,0x10,0x5a,
    0x10,0x81,0x10,0xe4,0x10,0xec,0x10,0xfb,0x10,0xfb,0x11,0x2b,0x11,0x5a,0x11,0x8a,
    0x11,0xbb,0x11,0xcf,0x11,0xe6,0x00,0x00,0x00,0x0a,0x01,0x48,0xfe,0x60,0x03,0xf8,
    0x07,0x40,0x00,0x03,0x00,0x0d,0x00,0x11,0x00,0x15,0x00,0x21,0x00,0x27,0x00,0x31,
    0x00,0x35,0x00,0x3b,0x00,0x47,0x00,0x00,0x41,0x21,0x11,0x21,0x01,0x15,0x21,0x35,
    0x23,0x37,0x35,0x21,0x15,0x33,0x03,0x11,0x21,0x11,0x07,0x23,0x35,0x33,0x01,0x11,
    0x21,0x11,0x23,0x15,0x33,0x35,0x33,0x15,0x23,0x35,0x27,0x15,0x21,0x35,0x23,0x15,
    0x25,0x15,0x33,0x35,0x33,0x35,0x21,0x15,0x33,0x15,0x11,0x23,0x35,0x33,0x27,0x15,
    0x21,0x35,0x23,0x35,0x27,0x15,0x21,0x35,0x23,0x35,0x33,0x35,0x21,0x15,0x33,0x15,
    0x03,0xf8,0xfd,0x50,0x02,0xb0,0xfe,0x08,0x01,0x40,0xd7,0xd7,0xfe,0xc0,0xd8,0xd8,
    0x01,0x40,0x40,0xc0,0xc0,0xff,0x00,0x01,0x40,0xc0,0x40,0x40,0xc0,0x40,0x01,0x40,
    0x40,0xff,0x00,0xc0,0x80,0xfe,0xc0,0x80,0x40,0x40,0x80,0x01,0x40,0x80,0xc0,0x01,
    0x40,0x90,0x90,0xfe,0xc0,0x70,0xfe,0x60,0x08,0xe0,0xf8,0x00,0x40,0x40,0x7f,0x41,
    0x40,0x01,0x80,0xff,0x00,0x01,0x00,0xc0,0x80,0x01,0xc0,0xff,0x00,0x01,0x00,0x80,
    0x40,0x80,0xc0,0x80,0x40,0xe0,0xa0,0x80,0x40,0xa0,0x40,0x40,0x60,0x01,0x20,0x60,
    0x40,0xe0,0x40,0xa0,0x80,0x40,0x40,0x60,0x40,0x40,0x60,0x00,0x00,0x02,0x00,0x32,
    0x00,0x00,0x05,0xa1,0x05,0xd2,0x00,0x0d,0x00,0x11,0x00,0x00,0x73,0x01,0x21,0x01,
    0x21,0x01,0x26,0x02,0x27,0x33,0x06,0x02,0x07,0x01,0x13,0x35,0x21,0x15,0x32,0x02,
    0x08,0x01,0x53,0x02,0x14,0xfe,0xdb,0xfe,0xf7,0x27,0x54,0x33,0x38,0x32,0x51,0x24,
    0xff,0x00,0x0b,0x03,0x11,0x05,0xd2,0xfa,0x2e,0x03,0x06,0x78,0x01,0x2f,0xc1,0xc3,
    0xfe,0xcf,0x74,0xfc,0xfa,0x01,0x71,0xd7,0xd7,0x00,0x00,0x03,0x00,0x96,0x00,0x00,
    0x04,0xeb,0x05,0xd2,0x00,0x13,0x00,0x1d,0x00,0x27,0x00,0x00,0x73,0x11,0x21,0x32,
    0x16,0x16,0x15,0x14,0x06,0x06,0x07,0x15,0x1e,0x02,0x15,0x14,0x06,0x06,0x23,0x25,
    0x21,0x32,0x36,0x35,0x34,0x26,0x26,0x23,0x21,0x35,0x21,0x32,0x36,0x36,0x35,0x34,
    0x26,0x23,0x21,0x96,0x02,0x3a,0xa1,0xd6,0x6a,0x46,0x75,0x49,0x4f,0x92,0x5d,0x70,
    0xe1,0xab,0xfe,0xb2,0x01,0x24,0x94,0x83,0x42,0x79,0x53,0xfe,0xd3,0x01,0x0d,0x47,
    0x70,0x41,0x7a,0x78,0xfe,0xed,0x05,0xd2,0x66,0xae,0x6f,0x5b,0x81,0x50,0x11,0x0f,
    0x04,0x58,0xa0,0x71,0x74,0xb8,0x6a,0xdf,0x72,0x59,0x43,0x6b,0x3e,0xc1,0x34,0x60,
    0x42,0x57,0x70,0x00,0x00,0x01,0x00,0x67,0xff,0xec,0x05,0x86,0x05,0xe6,0x00,0x25,
    0x00,0x00,0x45,0x22,0x24,0x02,0x35,0x34,0x12,0x24,0x33,0x32,0x1e,0x02,0x17,0x21,
    0x2e,0x03,0x23,0x22,0x06,0x06,0x15,0x14,0x16,0x16,0x33,0x32,0x3e,0x02,0x37,0x21,
    0x0e,0x03,0x03,0x11,0xc4,0xfe,0xcc,0xb2,0xb3,0x01,0x35,0xc2,0x7a,0xd5,0xa7,0x6c,
    0x12,0xfe,0xf3,0x0d,0x3f,0x5e,0x76,0x43,0x7a,0xbd,0x6b,0x6c,0xbd,0x78,0x43,0x76,
    0x5f,0x40,0x0c,0x01,0x0e,0x0f,0x65,0xa4,0xd9,0x14,0xb6,0x01,0x56,0xf0,0xf1,0x01,
    0x57,0xb6,0x45,0x85,0xc0,0x7a,0x43,0x66,0x47,0x25,0x7b,0xeb,0xa9,0xab,0xea,0x78,
    0x25,0x47,0x67,0x42,0x6b,0xbb,0x8e,0x50,0x00,0x02,0x00,0x96,0x00,0x00,0x05,0x5f,
    0x05,0xd2,0x00,0x15,0x00,0x19,0x00,0x00,0x61,0x21,0x35,0x21,0x32,0x36,0x36,0x35,
    0x34,0x26,0x26,0x23,0x21,0x35,0x21,0x32,0x04,0x12,0x15,0x14,0x02,0x04,0x01,0x11,
    0x21,0x11,0x02,0x8e,0xfe,0x87,0x01,0x6c,0x9c,0xd1,0x6a,0x6a,0xcd,0x99,0xfe,0x85,
    0x01,0x8b,0xde,0x01,0x3e,0xab,0xab,0xfe,0xbd,0xfe,0x30,0xfe,0xf5,0xe7,0x73,0xe5,
    0xac,0xaa,0xe4,0x72,0xe7,0xb2,0xfe,0xb2,0xe7,0xe9,0xfe,0xb1,0xb3,0x05,0xd2,0xfa,
    0x2e,0x05,0xd2,0x00,0x00,0x01,0x00,0x96,0x00,0x00,0x04,0x62,0x05,0xd2,0x00,0x0b,
    0x00,0x00,0x73,0x11,0x21,0x15,0x21,0x11,0x21,0x15,0x21,0x11,0x21,0x15,0x96,0x03,
    0xc8,0xfd,0x43,0x02,0x89,0xfd,0x77,0x02,0xc1,0x05,0xd2,0xe1,0xfe,0x6e,0xde,0xfe,
    0x60,0xe1,0x00,0x01,0x00,0x96,0x00,0x00,0x04,0x50,0x05,0xd2,0x00,0x09,0x00,0x00,
    0x73,0x11,0x21,0x15,0x21,0x11,0x21,0x15,0x21,0x11,0x96,0x03,0xba,0xfd,0x51,0x02,
    0x6c,0xfd,0x94,0x05,0xd2,0xe1,0xfe,0x41,0xde,0xfd,0xac,0x00,0x00,0x01,0x00,0x67,
    0xff,0xec,0x05,0x91,0x05,0xe6,0x00,0x27,0x00,0x00,0x45,0x22,0x24,0x02,0x35,0x34,
    0x12,0x24,0x33,0x32,0x1e,0x02,0x17,0x21,0x2e,0x03,0x23,0x22,0x06,0x06,0x15,0x14,
    0x16,0x16,0x33,0x32,0x36,0x36,0x35,0x17,0x21,0x35,0x21,0x15,0x14,0x02,0x04,0x03,
    0x19,0xce,0xfe,0xca,0xae,0xb3,0x01,0x34,0xc3,0x7b,0xd5,0xa7,0x6b,0x11,0xfe,0xef,
    0x12,0x3f,0x59,0x71,0x44,0x78,0xbd,0x6c,0x6c,0xbe,0x7d,0x72,0xa7,0x5b,0x3d,0xfe,
    0x6b,0x02,0x5b,0xa3,0xfe,0xe3,0x14,0xba,0x01,0x56,0xeb,0xf1,0x01,0x57,0xb7,0x48,
    0x85,0xb6,0x6d,0x3c,0x5e,0x44,0x23,0x7a,0xea,0xaa,0xa8,0xeb,0x7b,0x58,0xa2,0x6e,
    0x0a,0xd2,0xb3,0xbf,0xfe,0xe9,0x96,0x00,0x00,0x01,0x00,0x96,0x00,0x00,0x05,0x61,
    0x05,0xd2,0x00,0x0b,0x00,0x00,0x73,0x11,0x21,0x11,0x21,0x11,0x21,0x11,0x21,0x11,
    0x21,0x11,0x96,0x01,0x0b,0x02,0xb5,0x01,0x0b,0xfe,0xf5,0xfd,0x4b,0x05,0xd2,0xfd,
    0x98,0x02,0x68,0xfa,0x2e,0x02,0x89,0xfd,0x77,0x00,0x00,0x01,0x00,0x96,0x00,0x00,
    0x01,0xa1,0x05,0xd2,0x00,0x03,0x00,0x00,0x41,0x11,0x21,0x11,0x01,0xa1,0xfe,0xf5,
    0x05,0xd2,0xfa,0x2e,0x05,0xd2,0x00,0x01,0x00,0x4e,0xff,0xec,0x04,0x0e,0x05,0xd2,
    0x00,0x11,0x00,0x00,0x45,0x22,0x24,0x35,0x35,0x21,0x15,0x14,0x16,0x33,0x32,0x36,
    0x35,0x11,0x21,0x11,0x14,0x04,0x02,0x30,0xdd,0xfe,0xfb,0x01,0x0b,0x75,0x62,0x61,
    0x74,0x01,0x09,0xfe,0xfd,0x14,0xef,0xdd,0x55,0x57,0x75,0x79,0x79,0x75,0x04,0x1c,
    0xfb,0xe7,0xdd,0xf0,0x00,0x03,0x00,0x96,0x00,0x00,0x05,0x6b,0x05,0xd2,0x00,0x09,
    0x00,0x10,0x00,0x14,0x00,0x00,0x41,0x35,0x3e,0x02,0x37,0x01,0x21,0x01,0x27,0x01,
    0x11,0x21,0x11,0x03,0x17,0x11,0x21,0x01,0x37,0x01,0x01,0x57,0x30,0x5d,0x69,0x41,
    0x01,0x87,0x01,0x4c,0xfd,0x88,0x14,0xfd,0xc1,0x01,0x0b,0x05,0x05,0x02,0x8f,0xfe,
    0x26,0xa8,0x02,0x6d,0x01,0x6f,0xfd,0x4e,0x89,0x86,0x4b,0x01,0xbe,0xfd,0x37,0x07,
    0xfc,0xf0,0x05,0xd2,0xfe,0x46,0xfe,0x99,0x83,0xfd,0xd2,0x02,0xbd,0xc9,0xfc,0x7a,
    0x00,0x01,0x00,0x96,0x00,0x00,0x04,0x33,0x05,0xd2,0x00,0x05,0x00,0x00,0x73,0x11,
    0x21,0x11,0x21,0x15,0x96,0x01,0x0b,0x02,0x92,0x05,0xd2,0xfb,0x0f,0xe1,0x00,0x01,
    0x00,0x96,0x00,0x00,0x06,0xcb,0x05,0xd2,0x00,0x2d,0x00,0x00,0x73,0x11,0x21,0x01,
    0x1e,0x03,0x17,0x23,0x3e,0x03,0x37,0x01,0x21,0x11,0x21,0x11,0x34,0x3e,0x02,0x35,
    0x33,0x0e,0x03,0x07,0x01,0x23,0x01,0x2e,0x03,0x27,0x33,0x1e,0x03,0x15,0x11,0x96,
    0x01,0x92,0x01,0x1b,0x0f,0x25,0x27,0x23,0x0c,0x36,0x0c,0x23,0x27,0x25,0x0e,0x01,
    0x18,0x01,0x93,0xfe,0xf6,0x02,0x04,0x04,0x13,0x14,0x2f,0x2e,0x29,0x0f,0xfe,0xed,
    0xe3,0xfe,0xe9,0x0f,0x29,0x2f,0x2f,0x17,0x16,0x01,0x04,0x03,0x03,0x05,0xd2,0xfc,
    0xff,0x2b,0x87,0x9c,0x95,0x39,0x38,0x93,0x9d,0x88,0x2c,0x03,0x01,0xfa,0x2e,0x02,
    0xf0,0x30,0x88,0x9c,0x9f,0x48,0x4f,0xa5,0x9b,0x82,0x2a,0xfd,0x10,0x02,0xf0,0x2a,
    0x7f,0x9a,0xa7,0x51,0x43,0x9d,0x9e,0x8b,0x32,0xfd,0x10,0x00,0x00,0x01,0x00,0x96,
    0x00,0x00,0x05,0x7d,0x05,0xd2,0x00,0x1b,0x00,0x00,0x73,0x11,0x21,0x01,0x1e,0x02,
    0x17,0x23,0x2e,0x02,0x35,0x11,0x21,0x11,0x21,0x01,0x2e,0x02,0x27,0x33,0x1e,0x02,
    0x15,0x11,0x96,0x01,0x2e,0x02,0x03,0x20,0x48,0x4e,0x26,0x1e,0x07,0x0b,0x05,0x01,
    0x0f,0xfe,0xd1,0xfe,0x2f,0x2c,0x4e,0x5a,0x40,0x26,0x06,0x0a,0x07,0x05,0xd2,0xfc,
    0xcb,0x33,0x81,0x9f,0x61,0x54,0xb1,0x9f,0x37,0x03,0x0e,0xfa,0x2e,0x02,0xe3,0x47,
    0x8a,0xae,0x7b,0x6d,0xc3,0x9a,0x2f,0xfd,0x1c,0x00,0x00,0x02,0x00,0x67,0xff,0xec,
    0x05,0xbf,0x05,0xe6,0x00,0x0f,0x00,0x1f,0x00,0x00,0x45,0x22,0x24,0x02,0x35,0x34,
    0x12,0x24,0x33,0x32,0x04,0x12,0x15,0x14,0x02,0x04,0x27,0x32,0x36,0x36,0x35,0x34,
    0x26,0x26,0x23,0x22,0x06,0x06,0x15,0x14,0x16,0x16,0x03,0x14,0xc4,0xfe,0xca,0xb3,
    0xb3,0x01,0x36,0xc4,0xc3,0x01,0x35,0xb3,0xb3,0xfe,0xcb,0xc3,0x79,0xbb,0x6a,0x6a,
    0xbb,0x79,0x7a,0xbc,0x6b,0x6b,0xbc,0x14,0xb6,0x01,0x56,0xf0,0xf1,0x01,0x57,0xb6,
    0xb6,0xfe,0xa9,0xf1,0xf0,0xfe,0xa9,0xb5,0xef,0x79,0xeb,0xa9,0xab,0xeb,0x79,0x7a,
    0xeb,0xaa,0xa9,0xea,0x7a,0x00,0x00,0x01,0x00,0x96,0x00,0x00,0x04,0xd0,0x05,0xd2,
    0x00,0x17,0x00,0x00,0x73,0x11,0x21,0x32,0x16,0x16,0x15,0x14,0x06,0x06,0x23,0x21,
    0x35,0x21,0x32,0x36,0x36,0x35,0x34,0x26,0x26,0x23,0x23,0x11,0x96,0x02,0x2d,0xab,
    0xea,0x78,0x79,0xec,0xac,0xfe,0x8f,0x01,0x4e,0x65,0x81,0x3d,0x3d,0x82,0x66,0xf9,
    0x05,0xd2,0x80,0xdf,0x8e,0x8f,0xde,0x80,0xdc,0x46,0x7c,0x4f,0x4f,0x7a,0x44,0xfb,
    0x0e,0x00,0x00,0x03,0x00,0x67,0xff,0x7f,0x05,0xbf,0x05,0xe6,0x00,0x07,0x00,0x17,
    0x00,0x27,0x00,0x00,0x41,0x33,0x17,0x17,0x13,0x21,0x27,0x27,0x07,0x22,0x24,0x02,
    0x35,0x34,0x12,0x24,0x33,0x32,0x04,0x12,0x15,0x14,0x02,0x04,0x27,0x32,0x36,0x36,
    0x35,0x34,0x26,0x26,0x23,0x22,0x06,0x06,0x15,0x14,0x16,0x16,0x02,0xc0,0xf0,0x93,
    0x60,0xf9,0xff,0x00,0xa8,0x45,0x9b,0xc4,0xfe,0xca,0xb3,0xb3,0x01,0x36,0xc4,0xc3,
    0x01,0x35,0xb3,0xb3,0xfe,0xcb,0xc3,0x79,0xbb,0x6a,0x6a,0xbb,0x79,0x7a,0xbc,0x6b,
    0x6b,0xbc,0x01,0xf1,0xbf,0x73,0xfe,0xc0,0xd5,0x62,0xca,0xb6,0x01,0x56,0xf0,0xf1,
    0x01,0x57,0xb6,0xb6,0xfe,0xa9,0xf1,0xf0,0xfe,0xa9,0xb5,0xef,0x79,0xeb,0xa9,0xab,
    0xeb,0x79,0x7a,0xeb,0xaa,0xa9,0xea,0x7a,0x00,0x02,0x00,0x96,0x00,0x00,0x05,0x07,
    0x05,0xd2,0x00,0x17,0x00,0x1b,0x00,0x00,0x73,0x11,0x21,0x32,0x16,0x16,0x15,0x14,
    0x06,0x06,0x23,0x21,0x35,0x21,0x32,0x36,0x36,0x35,0x34,0x26,0x26,0x23,0x23,0x11,
    0x21,0x01,0x21,0x01,0x96,0x02,0x2d,0xab,0xea,0x78,0x79,0xec,0xac,0xfe,0x72,0x01,
    0x6b,0x65,0x80,0x3e,0x3e,0x81,0x66,0xf9,0x02,0x3b,0xfe,0x96,0x01,0x24,0x01,0x71,
    0x05,0xd2,0x78,0xd7,0x8e,0x8e,0xd2,0x72,0xdd,0x39,0x6e,0x4e,0x50,0x71,0x3c,0xfb,
    0x0e,0x02,0xa4,0xfd,0x5c,0x00,0x00,0x01,0x00,0x5f,0xff,0xe9,0x04,0xd5,0x05,0xe6,
    0x00,0x32,0x00,0x00,0x45,0x22,0x26,0x26,0x27,0x21,0x1e,0x02,0x33,0x32,0x36,0x36,
    0x35,0x34,0x26,0x26,0x27,0x27,0x26,0x26,0x35,0x34,0x36,0x36,0x33,0x32,0x16,0x16,
    0x17,0x21,0x26,0x26,0x23,0x22,0x06,0x06,0x15,0x14,0x16,0x16,0x17,0x17,0x1e,0x03,
    0x15,0x14,0x06,0x06,0x02,0xa1,0xad,0xff,0x90,0x06,0x01,0x07,0x07,0x54,0x8a,0x54,
    0x58,0x87,0x4c,0x43,0x79,0x51,0xa9,0xbb,0xd1,0x8e,0xf6,0x9c,0x9f,0xf0,0x87,0x03,
    0xfe,0xfd,0x0a,0x97,0x79,0x54,0x79,0x41,0x4d,0x75,0x3c,0x8b,0x53,0x9c,0x7d,0x4a,
    0x86,0xfc,0x17,0x6c,0xce,0x93,0x4e,0x68,0x33,0x36,0x61,0x40,0x3a,0x4c,0x35,0x14,
    0x2c,0x30,0xc2,0x9e,0x84,0xc6,0x6d,0x6e,0xc2,0x7c,0x60,0x69,0x33,0x58,0x39,0x3e,
    0x50,0x30,0x0f,0x24,0x14,0x42,0x65,0x90,0x61,0x83,0xc7,0x6f,0x00,0x01,0x00,0x53,
    0x00,0x00,0x04,0xf5,0x05,0xd2,0x00,0x07,0x00,0x00,0x53,0x35,0x21,0x15,0x21,0x11,
    0x21,0x11,0x53,0x04,0xa2,0xfe,0x35,0xfe,0xf5,0x04,0xf1,0xe1,0xe1,0xfb,0x0f,0x04,
    0xf1,0x00,0x00,0x01,0x00,0x96,0xff,0xea,0x05,0x4e,0x05,0xd2,0x00,0x15,0x00,0x00,
    0x45,0x22,0x24,0x26,0x35,0x11,0x21,0x11,0x14,0x16,0x16,0x33,0x32,0x36,0x36,0x35,
    0x11,0x21,0x11,0x14,0x06,0x04,0x02,0xf2,0xb6,0xfe,0xf0,0x96,0x01,0x0b,0x53,0x97,
    0x67,0x67,0x97,0x53,0x01,0x0b,0x97,0xfe,0xf1,0x16,0x89,0xf3,0x9f,0x03,0xcd,0xfc,
    0x49,0x5d,0x92,0x53,0x53,0x92,0x5d,0x03,0xb7,0xfc,0x33,0x9f,0xf3,0x89,0x00,0x01,
    0x00,0x32,0x00,0x00,0x05,0xa1,0x05,0xd2,0x00,0x0d,0x00,0x00,0x61,0x01,0x21,0x01,
    0x16,0x12,0x17,0x23,0x36,0x12,0x37,0x01,0x21,0x01,0x02,0x45,0xfd,0xed,0x01,0x25,
    0x01,0x08,0x25,0x56,0x32,0x38,0x32,0x53,0x24,0x01,0x00,0x01,0x24,0xfd,0xf6,0x05,
    0xd2,0xfc,0xfa,0x74,0xfe,0xd1,0xbf,0xc2,0x01,0x2c,0x74,0x03,0x06,0xfa,0x2e,0x00,
    0x00,0x01,0x00,0x32,0x00,0x00,0x07,0xf7,0x05,0xd2,0x00,0x25,0x00,0x00,0x61,0x01,
    0x21,0x13,0x1e,0x02,0x17,0x23,0x3e,0x02,0x37,0x13,0x21,0x13,0x1e,0x02,0x17,0x23,
    0x3e,0x02,0x37,0x13,0x21,0x01,0x21,0x03,0x26,0x02,0x27,0x33,0x06,0x02,0x07,0x03,
    0x01,0xc4,0xfe,0x6e,0x01,0x1f,0xc2,0x14,0x23,0x21,0x0f,0x2b,0x11,0x22,0x26,0x15,
    0xca,0x01,0x1b,0xc9,0x16,0x25,0x23,0x12,0x2e,0x10,0x21,0x24,0x14,0xc1,0x01,0x20,
    0xfe,0x6d,0xfe,0xce,0xd9,0x1e,0x2d,0x1a,0x40,0x1c,0x28,0x21,0xd9,0x05,0xd2,0xfc,
    0xe7,0x56,0xbe,0xc0,0x5c,0x5c,0xc0,0xbe,0x56,0x03,0x19,0xfc,0xe7,0x56,0xbe,0xc0,
    0x5c,0x5c,0xc0,0xbe,0x56,0x03,0x19,0xfa,0x2e,0x03,0x37,0x73,0x01,0x0e,0x97,0x92,
    0xfe,0xf7,0x7d,0xfc,0xc9,0x00,0x00,0x01,0x00,0x35,0x00,0x00,0x05,0x8d,0x05,0xd2,
    0x00,0x1f,0x00,0x00,0x73,0x01,0x15,0x01,0x21,0x13,0x1e,0x02,0x17,0x23,0x3e,0x02,
    0x37,0x13,0x21,0x01,0x35,0x01,0x21,0x03,0x2e,0x02,0x27,0x33,0x0e,0x02,0x07,0x03,
    0x35,0x02,0x5c,0xfd,0xcf,0x01,0x35,0xb5,0x2e,0x3c,0x32,0x1e,0x41,0x1f,0x32,0x3d,
    0x2f,0xb8,0x01,0x2e,0xfd,0xd5,0x02,0x52,0xfe,0xc6,0xe2,0x29,0x35,0x2c,0x1d,0x2e,
    0x1c,0x2c,0x36,0x2c,0xe6,0x03,0x5d,0xc9,0x03,0x3e,0xfe,0xf0,0x46,0x6c,0x65,0x3b,
    0x3b,0x64,0x6d,0x46,0x01,0x10,0xfc,0xcf,0xc2,0xfc,0x9d,0x01,0x4e,0x3f,0x58,0x52,
    0x36,0x34,0x52,0x5a,0x3f,0xfe,0xb2,0x00,0x00,0x01,0x00,0x32,0x00,0x00,0x05,0x83,
    0x05,0xd2,0x00,0x0f,0x00,0x00,0x61,0x11,0x01,0x21,0x01,0x16,0x16,0x17,0x23,0x36,
    0x36,0x37,0x01,0x21,0x01,0x11,0x02,0x58,0xfd,0xda,0x01,0x38,0x01,0x0a,0x2a,0x42,
    0x23,0x46,0x22,0x41,0x28,0x01,0x05,0x01,0x36,0xfd,0xe0,0x02,0x41,0x03,0x91,0xfe,
    0x2a,0x4a,0x8c,0x65,0x66,0x8e,0x47,0x01,0xd6,0xfc,0x6f,0xfd,0xbf,0x00,0x00,0x01,
    0x00,0x74,0x00,0x00,0x04,0xc5,0x05,0xd2,0x00,0x17,0x00,0x00,0x73,0x35,0x01,0x36,
    0x36,0x37,0x17,0x06,0x06,0x23,0x21,0x35,0x21,0x15,0x01,0x06,0x06,0x07,0x27,0x36,
    0x36,0x33,0x21,0x15,0x78,0x02,0x71,0x34,0x7b,0x3f,0x16,0x61,0xc4,0x62,0xfe,0x0e,
    0x04,0x4c,0xfd,0x9a,0x37,0x81,0x41,0x16,0x65,0xc8,0x64,0x01,0xe9,0xa6,0x03,0x84,
    0x4a,0x96,0x49,0x56,0x09,0x03,0xe1,0xa8,0xfc,0x8c,0x4e,0x9c,0x4d,0x56,0x09,0x03,
    0xe1,0x00,0x00,0x02,0x00,0x4c,0xff,0xe9,0x04,0x0e,0x04,0x6c,0x00,0x27,0x00,0x39,
    0x00,0x00,0x45,0x22,0x26,0x26,0x35,0x34,0x3e,0x02,0x37,0x3e,0x02,0x35,0x35,0x34,
    0x26,0x26,0x23,0x22,0x06,0x06,0x07,0x27,0x3e,0x02,0x33,0x32,0x1e,0x02,0x15,0x11,
    0x23,0x35,0x23,0x0e,0x02,0x27,0x32,0x36,0x36,0x35,0x35,0x0e,0x03,0x07,0x0e,0x02,
    0x15,0x14,0x16,0x16,0x01,0xc2,0x6a,0xaa,0x62,0x47,0x79,0x98,0x52,0x61,0x7a,0x39,
    0x2c,0x57,0x40,0x41,0x5f,0x3c,0x0e,0xf1,0x21,0x8a,0xbf,0x70,0x4f,0xa1,0x86,0x52,
    0xf9,0x0a,0x19,0x57,0x81,0x15,0x51,0x75,0x41,0x0d,0x3d,0x4b,0x49,0x19,0x3a,0x5e,
    0x35,0x31,0x55,0x17,0x4d,0x96,0x6e,0x5f,0x7c,0x4a,0x26,0x08,0x0b,0x10,0x24,0x26,
    0x05,0x37,0x4d,0x29,0x28,0x40,0x25,0x31,0x63,0x81,0x40,0x25,0x58,0x94,0x70,0xfd,
    0x15,0x9a,0x2f,0x51,0x31,0xc1,0x40,0x69,0x3e,0x84,0x0a,0x12,0x0e,0x0a,0x03,0x08,
    0x24,0x41,0x34,0x30,0x41,0x22,0x00,0x02,0x00,0x8a,0xff,0xec,0x04,0xa6,0x05,0xd2,
    0x00,0x16,0x00,0x26,0x00,0x00,0x45,0x22,0x26,0x26,0x27,0x23,0x15,0x23,0x11,0x21,
    0x11,0x33,0x3e,0x02,0x33,0x32,0x16,0x12,0x15,0x14,0x02,0x06,0x27,0x32,0x36,0x36,
    0x35,0x34,0x26,0x26,0x23,0x22,0x06,0x06,0x15,0x14,0x16,0x16,0x02,0xd8,0x5f,0x80,
    0x4c,0x14,0x11,0xfe,0x01,0x04,0x0b,0x14,0x4a,0x7f,0x63,0x82,0xd0,0x7b,0x78,0xd1,
    0xcb,0x57,0x76,0x3c,0x3b,0x76,0x58,0x56,0x76,0x3d,0x3d,0x77,0x14,0x41,0x5c,0x28,
    0xb1,0x05,0xd2,0xfd,0xd3,0x28,0x5c,0x43,0x84,0xfe,0xff,0xba,0xb8,0xfe,0xfe,0x87,
    0xd6,0x5f,0xa5,0x68,0x68,0xa3,0x5d,0x5a,0xa1,0x6d,0x6d,0xa4,0x5b,0x00,0x00,0x01,
    0x00,0x59,0xff,0xe9,0x04,0x54,0x04,0x6c,0x00,0x25,0x00,0x00,0x45,0x22,0x26,0x02,
    0x35,0x34,0x12,0x36,0x33,0x32,0x1e,0x02,0x17,0x07,0x2e,0x03,0x23,0x22,0x06,0x06,
    0x15,0x14,0x16,0x16,0x33,0x32,0x3e,0x02,0x37,0x17,0x0e,0x03,0x02,0x6f,0xa3,0xf0,
    0x83,0x83,0xf0,0xa3,0x5d,0xa0,0x7e,0x55,0x12,0xf3,0x0b,0x29,0x3c,0x4e,0x2f,0x5b,
    0x78,0x3c,0x3c,0x78,0x5b,0x30,0x4f,0x3d,0x2a,0x0a,0xf3,0x12,0x55,0x7f,0xa1,0x17,
    0x91,0x01,0x03,0xac,0xae,0x01,0x05,0x90,0x30,0x5b,0x82,0x52,0x33,0x2b,0x47,0x32,
    0x1b,0x61,0xa5,0x69,0x67,0xa6,0x61,0x1c,0x34,0x4a,0x2d,0x33,0x54,0x84,0x5d,0x32,
    0x00,0x02,0x00,0x59,0xff,0xec,0x04,0x75,0x05,0xd2,0x00,0x16,0x00,0x26,0x00,0x00,
    0x45,0x22,0x26,0x02,0x35,0x34,0x12,0x36,0x33,0x32,0x16,0x16,0x17,0x33,0x11,0x21,
    0x11,0x23,0x35,0x23,0x0e,0x02,0x27,0x32,0x36,0x36,0x35,0x34,0x26,0x26,0x23,0x22,
    0x06,0x06,0x15,0x14,0x16,0x16,0x02,0x26,0x84,0xd1,0x78,0x7b,0xd1,0x80,0x64,0x7f,
    0x4b,0x13,0x0b,0x01,0x04,0xff,0x10,0x14,0x4d,0x7e,0x1a,0x55,0x76,0x3e,0x3d,0x77,
    0x55,0x58,0x76,0x3c,0x3c,0x77,0x14,0x87,0x01,0x02,0xb8,0xba,0x01,0x01,0x84,0x43,
    0x5c,0x28,0x02,0x2d,0xfa,0x2e,0xb1,0x28,0x5c,0x41,0xd6,0x5b,0xa4,0x6d,0x6d,0xa1,
    0x5a,0x5d,0xa3,0x68,0x68,0xa5,0x5f,0x00,0x00,0x01,0x00,0x59,0xff,0xe9,0x04,0x66,
    0x04,0x6c,0x00,0x27,0x00,0x00,0x45,0x22,0x26,0x02,0x35,0x34,0x12,0x36,0x33,0x32,
    0x1e,0x02,0x15,0x15,0x21,0x35,0x21,0x07,0x34,0x26,0x26,0x23,0x22,0x06,0x06,0x15,
    0x15,0x14,0x16,0x16,0x33,0x32,0x36,0x36,0x37,0x17,0x0e,0x02,0x02,0x78,0xa9,0xf3,
    0x83,0x81,0xed,0xa0,0x66,0xb9,0x8f,0x51,0xfc,0x6e,0x03,0x11,0x7a,0x3a,0x73,0x56,
    0x56,0x78,0x3f,0x48,0x82,0x56,0x39,0x5d,0x44,0x11,0xef,0x1b,0x82,0xc3,0x17,0x8e,
    0x01,0x02,0xaf,0xad,0x01,0x04,0x93,0x42,0x8a,0xd5,0x93,0x52,0xb1,0x34,0x5e,0x8f,
    0x50,0x51,0x87,0x53,0x7a,0x6a,0x92,0x4a,0x21,0x41,0x2f,0x31,0x5a,0x87,0x4b,0x00,
    0x00,0x02,0x00,0x14,0x00,0x00,0x03,0x04,0x06,0x18,0x00,0x03,0x00,0x14,0x00,0x00,
    0x41,0x15,0x21,0x35,0x13,0x11,0x34,0x36,0x36,0x33,0x32,0x16,0x17,0x07,0x26,0x26,
    0x23,0x22,0x06,0x15,0x11,0x02,0xd6,0xfd,0x3e,0xcd,0x5d,0x9f,0x5f,0x45,0x6a,0x19,
    0x35,0x11,0x31,0x21,0x49,0x3f,0x04,0x5e,0xcc,0xcc,0xfb,0xa2,0x04,0xc9,0x70,0x94,
    0x4b,0x16,0x09,0xca,0x05,0x0b,0x48,0x42,0xfb,0x4b,0x00,0x02,0x00,0x59,0xfe,0x46,
    0x04,0x77,0x04,0x6c,0x00,0x25,0x00,0x35,0x00,0x00,0x41,0x22,0x26,0x26,0x27,0x37,
    0x1e,0x02,0x33,0x32,0x36,0x35,0x35,0x23,0x0e,0x02,0x23,0x22,0x26,0x26,0x35,0x34,
    0x36,0x36,0x33,0x32,0x16,0x16,0x17,0x33,0x35,0x33,0x11,0x14,0x06,0x06,0x03,0x32,
    0x36,0x36,0x35,0x34,0x26,0x26,0x23,0x22,0x06,0x06,0x15,0x14,0x16,0x16,0x02,0x6c,
    0x86,0xc7,0x7f,0x1c,0xdc,0x12,0x3f,0x69,0x51,0x79,0x92,0x16,0x13,0x4a,0x7d,0x61,
    0x80,0xd1,0x7b,0x7c,0xd1,0x81,0x63,0x80,0x4c,0x14,0x0e,0xff,0x88,0xec,0x95,0x55,
    0x76,0x3e,0x3d,0x76,0x56,0x58,0x77,0x3c,0x3d,0x77,0xfe,0x46,0x44,0x75,0x4a,0x4f,
    0x1f,0x42,0x2b,0x71,0x78,0xd3,0x28,0x55,0x3a,0x79,0xf2,0xb6,0xb8,0xfe,0x84,0x42,
    0x5d,0x28,0xb9,0xfb,0x9f,0x95,0xc3,0x5f,0x02,0x98,0x51,0x9a,0x6b,0x6a,0x9f,0x59,
    0x5d,0x9f,0x66,0x67,0x9a,0x55,0x00,0x01,0x00,0x8a,0x00,0x00,0x04,0x5c,0x05,0xd2,
    0x00,0x16,0x00,0x00,0x41,0x11,0x21,0x11,0x21,0x11,0x23,0x36,0x36,0x33,0x32,0x16,
    0x16,0x15,0x11,0x21,0x11,0x34,0x26,0x23,0x22,0x06,0x06,0x01,0x8e,0xfe,0xfc,0x01,
    0x00,0x1b,0x2f,0xb6,0x89,0x73,0xad,0x5f,0xfe,0xfb,0x74,0x66,0x45,0x6c,0x3e,0x02,
    0x8f,0xfd,0x71,0x05,0xd2,0xfd,0x78,0x91,0x91,0x62,0xbc,0x87,0xfd,0x39,0x02,0x9f,
    0x70,0x80,0x3c,0x73,0xff,0xff,0x00,0x75,0x00,0x00,0x01,0xa4,0x06,0x19,0x06,0x26,
    0x00,0x24,0x00,0x00,0x00,0x06,0x00,0x71,0xf6,0x00,0x00,0x01,0x00,0x8a,0x00,0x00,
    0x01,0x8e,0x04,0x5e,0x00,0x03,0x00,0x00,0x73,0x11,0x21,0x11,0x8a,0x01,0x04,0x04,
    0x5e,0xfb,0xa2,0x00,0x00,0x01,0xff,0xd6,0xfe,0x5e,0x01,0x8e,0x04,0x5e,0x00,0x0c,
    0x00,0x00,0x53,0x21,0x11,0x14,0x06,0x06,0x23,0x23,0x35,0x33,0x32,0x36,0x35,0x89,
    0x01,0x05,0x5b,0xae,0x7a,0x35,0x26,0x4c,0x41,0x04,0x5e,0xfb,0x61,0x79,0x9c,0x4c,
    0xd5,0x49,0x46,0x00,0xff,0xff,0xff,0xd6,0xfe,0x5e,0x01,0xa3,0x06,0x19,0x06,0x26,
    0x00,0x25,0x00,0x00,0x00,0x06,0x00,0x71,0xf5,0x00,0x00,0x03,0x00,0x8a,0x00,0x00,
    0x04,0x7f,0x05,0xd2,0x00,0x06,0x00,0x0a,0x00,0x0e,0x00,0x00,0x41,0x11,0x33,0x01,
    0x21,0x01,0x23,0x01,0x11,0x21,0x11,0x21,0x01,0x37,0x01,0x01,0x78,0x29,0x01,0x93,
    0x01,0x31,0xfe,0x12,0x36,0xfe,0x49,0x01,0x04,0x01,0xb9,0xfe,0x92,0xb0,0x01,0xf6,
    0x01,0x60,0x01,0x3b,0x01,0xc3,0xfd,0xd9,0xfd,0xc9,0x05,0xd2,0xfa,0x2e,0x01,0xfd,
    0xb8,0xfd,0x4b,0x00,0x00,0x01,0x00,0x8a,0x00,0x00,0x01,0x8e,0x05,0xd2,0x00,0x03,
    0x00,0x00,0x41,0x11,0x21,0x11,0x01,0x8e,0xfe,0xfc,0x05,0xd2,0xfa,0x2e,0x05,0xd2,
    0x00,0x01,0x00,0x8a,0x00,0x00,0x06,0xaa,0x04,0x70,0x00,0x29,0x00,0x00,0x73,0x11,
    0x33,0x13,0x23,0x3e,0x02,0x33,0x32,0x16,0x17,0x23,0x3e,0x02,0x33,0x32,0x16,0x16,
    0x15,0x11,0x21,0x11,0x34,0x26,0x23,0x22,0x06,0x06,0x15,0x11,0x23,0x11,0x34,0x26,
    0x23,0x22,0x06,0x06,0x15,0x11,0x8a,0xf4,0x0a,0x13,0x18,0x65,0x87,0x4a,0x79,0x95,
    0x1f,0x1f,0x17,0x6f,0x99,0x57,0x65,0xa0,0x5e,0xfe,0xfc,0x72,0x50,0x3e,0x5c,0x31,
    0xfe,0x6a,0x53,0x39,0x5f,0x38,0x04,0x5e,0xfe,0xf3,0x64,0x7e,0x3d,0x98,0x94,0x64,
    0x85,0x43,0x58,0xa9,0x7d,0xfd,0x0e,0x02,0xca,0x68,0x60,0x36,0x5f,0x3f,0xfd,0x42,
    0x02,0xd6,0x55,0x67,0x34,0x66,0x4b,0xfd,0x53,0x00,0x00,0x01,0x00,0x8a,0x00,0x00,
    0x04,0x5b,0x04,0x6c,0x00,0x16,0x00,0x00,0x41,0x11,0x21,0x11,0x33,0x13,0x23,0x36,
    0x36,0x33,0x32,0x16,0x16,0x15,0x11,0x21,0x11,0x34,0x26,0x23,0x22,0x06,0x06,0x01,
    0x8e,0xfe,0xfc,0xf6,0x04,0x15,0x2f,0xb6,0x89,0x73,0xac,0x5f,0xfe,0xfc,0x74,0x66,
    0x45,0x6c,0x3e,0x02,0x8f,0xfd,0x71,0x04,0x5e,0xfe,0xec,0x91,0x91,0x62,0xbc,0x87,
    0xfd,0x39,0x02,0x9f,0x70,0x80,0x3c,0x73,0x00,0x02,0x00,0x59,0xff,0xe9,0x04,0x86,
    0x04,0x6c,0x00,0x0f,0x00,0x1f,0x00,0x00,0x45,0x22,0x26,0x02,0x35,0x34,0x12,0x36,
    0x33,0x32,0x16,0x12,0x15,0x14,0x02,0x06,0x27,0x32,0x36,0x36,0x35,0x34,0x26,0x26,
    0x23,0x22,0x06,0x06,0x15,0x14,0x16,0x16,0x02,0x6f,0xa3,0xf0,0x83,0x83,0xf0,0xa3,
    0xa4,0xf0,0x83,0x83,0xf0,0xa4,0x5b,0x79,0x3b,0x3b,0x79,0x5b,0x5b,0x77,0x3b,0x3b,
    0x77,0x17,0x91,0x01,0x03,0xac,0xae,0x01,0x05,0x90,0x90,0xfe,0xfb,0xae,0xac,0xfe,
    0xfd,0x91,0xd3,0x62,0xa6,0x66,0x67,0xa6,0x62,0x62,0xa5,0x68,0x66,0xa6,0x62,0x00,
    0x00,0x02,0x00,0x8a,0xfe,0x5e,0x04,0xa6,0x04,0x6c,0x00,0x16,0x00,0x26,0x00,0x00,
    0x53,0x11,0x33,0x15,0x33,0x3e,0x02,0x33,0x32,0x16,0x12,0x15,0x14,0x02,0x06,0x23,
    0x22,0x26,0x26,0x27,0x23,0x11,0x01,0x32,0x36,0x36,0x35,0x34,0x26,0x26,0x23,0x22,
    0x06,0x06,0x15,0x14,0x16,0x16,0x8a,0xfe,0x11,0x14,0x4a,0x7f,0x63,0x82,0xd0,0x7b,
    0x78,0xd1,0x85,0x5f,0x80,0x4c,0x14,0x0b,0x01,0x04,0x57,0x76,0x3c,0x3b,0x76,0x58,
    0x56,0x76,0x3d,0x3d,0x77,0xfe,0x5e,0x06,0x00,0xb9,0x28,0x5c,0x43,0x84,0xfe,0xff,
    0xba,0xb8,0xfe,0xfe,0x87,0x41,0x5c,0x28,0xfd,0xad,0x02,0x64,0x5f,0xa5,0x68,0x68,
    0xa3,0x5d,0x5a,0xa1,0x6d,0x6d,0xa4,0x5b,0x00,0x02,0x00,0x59,0xfe,0x5e,0x04,0x75,
    0x04,0x6c,0x00,0x16,0x00,0x26,0x00,0x00,0x41,0x21,0x11,0x23,0x0e,0x02,0x23,0x22,
    0x26,0x02,0x35,0x34,0x12,0x36,0x33,0x32,0x16,0x16,0x17,0x33,0x35,0x33,0x01,0x32,
    0x36,0x36,0x35,0x34,0x26,0x26,0x23,0x22,0x06,0x06,0x15,0x14,0x16,0x16,0x04,0x75,
    0xfe,0xfc,0x0b,0x14,0x4d,0x7e,0x61,0x84,0xd1,0x78,0x7b,0xd1,0x80,0x64,0x7f,0x4b,
    0x13,0x10,0xff,0xfd,0xf8,0x55,0x76,0x3e,0x3d,0x77,0x55,0x58,0x76,0x3c,0x3c,0x77,
    0xfe,0x5e,0x02,0x53,0x28,0x5c,0x41,0x87,0x01,0x02,0xb8,0xba,0x01,0x01,0x84,0x43,
    0x5c,0x28,0xb9,0xfc,0x64,0x5b,0xa4,0x6d,0x6d,0xa1,0x5a,0x5d,0xa3,0x68,0x68,0xa5,
    0x5f,0x00,0x00,0x01,0x00,0x8a,0x00,0x00,0x03,0x05,0x04,0x6d,0x00,0x13,0x00,0x00,
    0x73,0x11,0x33,0x15,0x33,0x36,0x36,0x33,0x32,0x16,0x17,0x15,0x26,0x26,0x23,0x22,
    0x06,0x06,0x15,0x11,0x8a,0xfc,0x0c,0x1e,0x96,0x60,0x16,0x36,0x13,0x10,0x48,0x23,
    0x48,0x73,0x41,0x04,0x5e,0xbb,0x61,0x69,0x04,0x03,0xef,0x05,0x08,0x3e,0x6d,0x47,
    0xfd,0x6e,0x00,0x01,0x00,0x58,0xff,0xe9,0x04,0x11,0x04,0x6c,0x00,0x2b,0x00,0x00,
    0x45,0x22,0x26,0x26,0x27,0x37,0x16,0x16,0x33,0x32,0x36,0x35,0x34,0x26,0x27,0x27,
    0x26,0x26,0x35,0x34,0x36,0x36,0x33,0x32,0x16,0x16,0x17,0x07,0x26,0x26,0x23,0x22,
    0x06,0x15,0x14,0x16,0x17,0x17,0x16,0x16,0x15,0x14,0x06,0x06,0x02,0x31,0x81,0xc6,
    0x7f,0x13,0xf3,0x17,0x75,0x5f,0x60,0x71,0x4a,0x4d,0xbf,0x9e,0x9c,0x72,0xcb,0x86,
    0x7f,0xb7,0x71,0x16,0xe8,0x13,0x64,0x5b,0x53,0x6f,0x4a,0x55,0xbe,0x9f,0x9a,0x7a,
    0xd9,0x17,0x4a,0x8e,0x65,0x2e,0x53,0x51,0x4d,0x39,0x30,0x3f,0x11,0x29,0x22,0x9c,
    0x7b,0x68,0x98,0x54,0x48,0x81,0x57,0x2e,0x3b,0x51,0x49,0x39,0x31,0x40,0x12,0x28,
    0x22,0x96,0x76,0x6a,0xa1,0x5b,0x00,0x02,0x00,0x14,0xff,0xf1,0x02,0xae,0x05,0x68,
    0x00,0x03,0x00,0x13,0x00,0x00,0x41,0x15,0x21,0x35,0x13,0x21,0x11,0x14,0x16,0x33,
    0x32,0x36,0x37,0x17,0x06,0x06,0x23,0x22,0x26,0x35,0x02,0x8f,0xfd,0x85,0x9f,0x01,
    0x04,0x34,0x3b,0x12,0x3b,0x12,0x29,0x2b,0x5a,0x29,0xa1,0xac,0x04,0x5e,0xcc,0xcc,
    0x01,0x0a,0xfb,0xd3,0x3d,0x39,0x09,0x04,0xc9,0x0d,0x0b,0xa0,0x94,0x00,0x00,0x01,
    0x00,0x8a,0xff,0xf2,0x04,0x5c,0x04,0x5e,0x00,0x16,0x00,0x00,0x45,0x22,0x26,0x26,
    0x35,0x11,0x21,0x11,0x14,0x16,0x33,0x32,0x36,0x36,0x35,0x11,0x21,0x11,0x23,0x03,
    0x33,0x06,0x06,0x02,0x09,0x73,0xad,0x5f,0x01,0x04,0x75,0x66,0x45,0x6c,0x3d,0x01,
    0x05,0xf7,0x03,0x14,0x2f,0xb8,0x0e,0x62,0xbd,0x86,0x02,0xc7,0xfd,0x61,0x70,0x80,
    0x3c,0x74,0x50,0x02,0x8f,0xfb,0xa2,0x01,0x14,0x92,0x90,0x00,0x00,0x01,0x00,0x27,
    0x00,0x00,0x04,0x8c,0x04,0x5e,0x00,0x0d,0x00,0x00,0x61,0x01,0x21,0x13,0x16,0x16,
    0x17,0x23,0x36,0x36,0x37,0x13,0x21,0x01,0x01,0xc7,0xfe,0x60,0x01,0x16,0xcc,0x24,
    0x34,0x1b,0x41,0x1c,0x33,0x23,0xcb,0x01,0x14,0xfe,0x5e,0x04,0x5e,0xfd,0xa0,0x6b,
    0xd8,0x6f,0x6f,0xd8,0x6b,0x02,0x60,0xfb,0xa2,0x00,0x00,0x01,0x00,0x2c,0x00,0x00,
    0x06,0x8b,0x04,0x5e,0x00,0x23,0x00,0x00,0x61,0x01,0x21,0x13,0x16,0x12,0x17,0x23,
    0x36,0x12,0x37,0x13,0x33,0x13,0x16,0x12,0x17,0x23,0x36,0x12,0x37,0x13,0x21,0x01,
    0x21,0x03,0x2e,0x02,0x27,0x33,0x0e,0x02,0x07,0x03,0x01,0x79,0xfe,0xb3,0x01,0x12,
    0x6e,0x19,0x3c,0x1b,0x21,0x1b,0x3e,0x1c,0x71,0xf8,0x6e,0x1b,0x3d,0x1c,0x21,0x1b,
    0x39,0x1b,0x6e,0x01,0x14,0xfe,0xb2,0xfe,0xf9,0x83,0x14,0x26,0x24,0x12,0x30,0x12,
    0x25,0x25,0x14,0x83,0x04,0x5e,0xfe,0x4a,0x6c,0xfe,0xfe,0x9e,0x9a,0x01,0x03,0x6f,
    0x01,0xb6,0xfe,0x4a,0x6d,0xfe,0xfd,0x9c,0x9b,0x01,0x02,0x6f,0x01,0xb6,0xfb,0xa2,
    0x01,0xc8,0x45,0x9e,0xa5,0x4c,0x4c,0xa5,0xa0,0x43,0xfe,0x38,0x00,0x01,0x00,0x32,
    0x00,0x00,0x04,0x5b,0x04,0x5e,0x00,0x1b,0x00,0x00,0x73,0x01,0x07,0x01,0x21,0x17,
    0x16,0x16,0x17,0x23,0x36,0x36,0x37,0x37,0x21,0x01,0x35,0x01,0x21,0x27,0x26,0x26,
    0x27,0x33,0x06,0x06,0x07,0x07,0x32,0x01,0xb3,0x01,0xfe,0x64,0x01,0x1e,0x72,0x32,
    0x4e,0x28,0x6c,0x2a,0x4b,0x33,0x76,0x01,0x18,0xfe,0x5e,0x01,0xb3,0xfe,0xe4,0x8a,
    0x32,0x4f,0x28,0x6c,0x28,0x49,0x32,0x8a,0x02,0xa3,0xca,0x02,0x85,0xbe,0x55,0xa2,
    0x4c,0x4b,0xa3,0x55,0xbe,0xfd,0x77,0xc5,0xfd,0x66,0xe0,0x55,0xa0,0x49,0x49,0xa0,
    0x55,0xe0,0x00,0x01,0x00,0x27,0xfe,0x56,0x04,0x8e,0x04,0x5e,0x00,0x1a,0x00,0x00,
    0x53,0x37,0x17,0x16,0x36,0x36,0x37,0x37,0x01,0x21,0x13,0x16,0x16,0x17,0x23,0x36,
    0x36,0x37,0x13,0x21,0x01,0x0e,0x02,0x23,0x22,0x26,0x7f,0x3d,0x1f,0x3b,0x5c,0x3e,
    0x0d,0x10,0xfe,0x5a,0x01,0x16,0xcc,0x24,0x2e,0x1c,0x44,0x1b,0x36,0x24,0xd3,0x01,
    0x13,0xfe,0x20,0x22,0x66,0x94,0x65,0x37,0x5d,0xfe,0x71,0xcb,0x08,0x0f,0x0d,0x43,
    0x40,0x47,0x04,0x62,0xfd,0xa0,0x6c,0xd6,0x70,0x70,0xd7,0x6b,0x02,0x60,0xfb,0x12,
    0x59,0x7f,0x42,0x10,0x00,0x01,0x00,0x7a,0x00,0x00,0x04,0x0d,0x04,0x5e,0x00,0x0b,
    0x00,0x00,0x73,0x35,0x01,0x35,0x21,0x35,0x21,0x15,0x01,0x15,0x21,0x15,0x7a,0x02,
    0x41,0xfd,0xd1,0x03,0x6e,0xfd,0xda,0x02,0x39,0xa6,0x02,0xd6,0x09,0xd9,0xb4,0xfd,
    0x38,0x09,0xd9,0x00,0x00,0x02,0x00,0x5f,0xff,0x32,0x04,0xd5,0x06,0xa0,0x00,0x03,
    0x00,0x36,0x00,0x00,0x45,0x11,0x33,0x11,0x27,0x22,0x26,0x26,0x27,0x21,0x1e,0x02,
    0x33,0x32,0x36,0x36,0x35,0x34,0x26,0x26,0x27,0x27,0x26,0x26,0x35,0x34,0x36,0x36,
    0x33,0x32,0x16,0x16,0x17,0x21,0x26,0x26,0x23,0x22,0x06,0x06,0x15,0x14,0x16,0x16,
    0x17,0x17,0x1e,0x03,0x15,0x14,0x06,0x06,0x02,0x64,0x78,0x3b,0xad,0xff,0x90,0x06,
    0x01,0x07,0x07,0x54,0x8a,0x54,0x58,0x87,0x4c,0x43,0x79,0x51,0xa9,0xbb,0xd1,0x8e,
    0xf6,0x9c,0x9f,0xf0,0x87,0x03,0xfe,0xfd,0x0a,0x97,0x79,0x54,0x79,0x41,0x4d,0x75,
    0x3c,0x8b,0x53,0x9c,0x7d,0x4a,0x86,0xfc,0xce,0x07,0x6e,0xf8,0x92,0xb7,0x6c,0xce,
    0x93,0x4e,0x68,0x33,0x36,0x61,0x40,0x3a,0x4c,0x35,0x14,0x2c,0x30,0xc2,0x9e,0x84,
    0xc6,0x6d,0x6e,0xc2,0x7c,0x60,0x69,0x33,0x58,0x39,0x3e,0x50,0x30,0x0f,0x24,0x14,
    0x42,0x65,0x90,0x61,0x83,0xc7,0x6f,0x00,0x00,0x02,0x00,0x67,0xff,0xec,0x04,0xe0,
    0x05,0xe6,0x00,0x0f,0x00,0x1f,0x00,0x00,0x45,0x22,0x24,0x02,0x35,0x34,0x12,0x36,
    0x33,0x32,0x04,0x12,0x15,0x14,0x02,0x04,0x27,0x32,0x36,0x36,0x35,0x34,0x26,0x26,
    0x23,0x22,0x06,0x06,0x15,0x14,0x16,0x16,0x02,0xa3,0xb4,0xff,0x00,0x88,0x89,0xff,
    0xb4,0xb5,0x01,0x00,0x88,0x87,0xff,0x00,0xb5,0x61,0x87,0x47,0x47,0x87,0x61,0x62,
    0x87,0x47,0x46,0x88,0x14,0xb5,0x01,0x55,0xf2,0xf2,0x01,0x56,0xb6,0xb6,0xfe,0xaa,
    0xf2,0xf2,0xfe,0xab,0xb5,0xe0,0x7f,0xf1,0xac,0xad,0xf2,0x80,0x80,0xf2,0xad,0xac,
    0xf1,0x7f,0x00,0x01,0x00,0x5e,0x00,0x00,0x02,0xcd,0x05,0xd2,0x00,0x07,0x00,0x00,
    0x41,0x11,0x21,0x11,0x23,0x05,0x35,0x25,0x02,0xcd,0xfe,0xf7,0x0a,0xfe,0xa4,0x01,
    0x47,0x05,0xd2,0xfa,0x2e,0x04,0xe4,0xfa,0xfe,0xea,0x00,0x01,0x00,0x7e,0x00,0x00,
    0x04,0x81,0x05,0xe6,0x00,0x1f,0x00,0x00,0x73,0x35,0x01,0x3e,0x02,0x35,0x34,0x26,
    0x26,0x23,0x22,0x06,0x06,0x15,0x23,0x34,0x36,0x36,0x33,0x32,0x16,0x16,0x15,0x14,
    0x06,0x06,0x07,0x01,0x15,0x21,0x15,0x86,0x02,0x05,0x49,0x63,0x33,0x41,0x6f,0x47,
    0x4b,0x6f,0x3c,0xff,0x81,0xe3,0x94,0x95,0xe2,0x7e,0x3e,0xa0,0x92,0xfe,0xfd,0x02,
    0x89,0xc0,0x01,0xfd,0x4b,0x74,0x6d,0x40,0x46,0x66,0x37,0x3c,0x6f,0x4d,0x8d,0xd2,
    0x73,0x70,0xc3,0x7d,0x53,0x9e,0xc7,0x8c,0xfe,0xf8,0x0b,0xdf,0x00,0x01,0x00,0x6b,
    0xff,0xec,0x04,0xb0,0x05,0xe6,0x00,0x34,0x00,0x00,0x45,0x22,0x26,0x26,0x27,0x21,
    0x1e,0x02,0x33,0x32,0x36,0x36,0x35,0x34,0x26,0x26,0x23,0x23,0x35,0x33,0x32,0x36,
    0x36,0x35,0x34,0x26,0x26,0x23,0x22,0x06,0x06,0x07,0x21,0x3e,0x02,0x33,0x32,0x16,
    0x16,0x15,0x14,0x06,0x07,0x15,0x1e,0x02,0x15,0x14,0x06,0x06,0x02,0x8b,0x9d,0xf3,
    0x8c,0x04,0x01,0x0d,0x04,0x49,0x7a,0x4c,0x50,0x7b,0x47,0x48,0x86,0x5f,0x84,0x84,
    0x4e,0x76,0x42,0x39,0x69,0x46,0x45,0x74,0x48,0x02,0xfe,0xff,0x02,0x8b,0xe9,0x90,
    0x95,0xdc,0x79,0x94,0x79,0x68,0x90,0x4b,0x8e,0xf7,0x14,0x6c,0xbf,0x7d,0x3d,0x5a,
    0x31,0x38,0x65,0x42,0x44,0x68,0x3b,0xce,0x37,0x62,0x41,0x3f,0x5e,0x35,0x31,0x5a,
    0x40,0x7d,0xbd,0x6b,0x70,0xbb,0x71,0x7e,0xaa,0x1b,0x0c,0x0e,0x5f,0x94,0x5d,0x7d,
    0xc4,0x70,0x00,0x02,0x00,0x6b,0x00,0x00,0x04,0xf0,0x05,0xd2,0x00,0x09,0x00,0x0f,
    0x00,0x00,0x53,0x35,0x01,0x33,0x11,0x23,0x01,0x15,0x21,0x15,0x01,0x11,0x37,0x11,
    0x33,0x11,0x6b,0x02,0x79,0xb0,0x6b,0xfe,0x53,0x03,0x74,0xfe,0x40,0x05,0xfb,0x01,
    0x15,0xd5,0x03,0xe8,0xfe,0xd0,0xfd,0x5b,0x0c,0xdc,0xfe,0xeb,0x01,0x55,0x61,0x04,
    0x1c,0xfa,0x2e,0x00,0x00,0x01,0x00,0x69,0xff,0xec,0x04,0x7f,0x05,0xd2,0x00,0x26,
    0x00,0x00,0x45,0x22,0x26,0x26,0x27,0x21,0x1e,0x02,0x33,0x32,0x36,0x36,0x35,0x34,
    0x26,0x26,0x23,0x22,0x06,0x07,0x27,0x13,0x21,0x15,0x21,0x03,0x33,0x36,0x36,0x33,
    0x32,0x1e,0x02,0x15,0x14,0x06,0x06,0x02,0x6a,0x92,0xe5,0x86,0x04,0x01,0x04,0x03,
    0x46,0x70,0x44,0x50,0x7b,0x47,0x49,0x7f,0x52,0x44,0x81,0x26,0xf2,0x4e,0x03,0x5e,
    0xfd,0x7f,0x2a,0x08,0x2a,0x97,0x5a,0x65,0xac,0x7f,0x46,0x88,0xf0,0x14,0x6d,0xc0,
    0x7b,0x3d,0x5d,0x35,0x49,0x81,0x54,0x55,0x84,0x4b,0x33,0x29,0x27,0x03,0x00,0xe0,
    0xfe,0x74,0x31,0x3f,0x49,0x85,0xb4,0x6b,0x94,0xe5,0x84,0x00,0x00,0x02,0x00,0x67,
    0xff,0xec,0x04,0xb7,0x05,0xe6,0x00,0x22,0x00,0x33,0x00,0x00,0x45,0x22,0x26,0x26,
    0x02,0x35,0x34,0x12,0x36,0x36,0x33,0x32,0x16,0x16,0x17,0x21,0x26,0x26,0x23,0x22,
    0x06,0x06,0x15,0x33,0x3e,0x02,0x33,0x32,0x16,0x16,0x15,0x14,0x06,0x06,0x27,0x32,
    0x36,0x36,0x35,0x34,0x26,0x26,0x23,0x22,0x0e,0x02,0x15,0x14,0x16,0x16,0x02,0x9f,
    0x6a,0xcb,0xa3,0x60,0x51,0x99,0xd8,0x86,0x8b,0xd9,0x86,0x10,0xfe,0xfa,0x15,0x7e,
    0x61,0x68,0x91,0x4b,0x0b,0x24,0x71,0x8f,0x4f,0x83,0xd1,0x7a,0x86,0xf1,0xa2,0x4f,
    0x7e,0x49,0x47,0x7c,0x50,0x3b,0x66,0x4d,0x2a,0x48,0x7e,0x14,0x49,0xa7,0x01,0x15,
    0xcd,0xc0,0x01,0x2b,0xd0,0x6d,0x6e,0xbe,0x79,0x56,0x68,0x7a,0xe3,0x9e,0x41,0x5c,
    0x31,0x7d,0xdb,0x8e,0x92,0xe8,0x86,0xd9,0x4d,0x84,0x51,0x50,0x82,0x4c,0x2d,0x50,
    0x68,0x3a,0x4e,0x84,0x4f,0x00,0x00,0x01,0x00,0x53,0x00,0x00,0x04,0x49,0x05,0xd2,
    0x00,0x07,0x00,0x00,0x73,0x01,0x35,0x21,0x35,0x21,0x15,0x01,0xb9,0x02,0x7a,0xfd,
    0x20,0x03,0xf6,0xfd,0x86,0x04,0xe8,0x0a,0xe0,0xe6,0xfb,0x14,0x00,0x03,0x00,0x67,
    0xff,0xec,0x04,0xb8,0x05,0xe6,0x00,0x1f,0x00,0x2f,0x00,0x3f,0x00,0x00,0x45,0x22,
    0x26,0x26,0x35,0x34,0x36,0x36,0x37,0x35,0x26,0x26,0x35,0x34,0x36,0x36,0x33,0x32,
    0x16,0x16,0x15,0x14,0x06,0x07,0x15,0x1e,0x02,0x15,0x14,0x06,0x06,0x27,0x32,0x36,
    0x36,0x35,0x34,0x26,0x26,0x23,0x22,0x06,0x06,0x15,0x14,0x16,0x16,0x13,0x32,0x36,
    0x36,0x35,0x34,0x26,0x26,0x23,0x22,0x06,0x06,0x15,0x14,0x16,0x16,0x02,0x8f,0xa1,
    0xfa,0x8d,0x52,0x8d,0x58,0x73,0x8e,0x81,0xe1,0x90,0x8f,0xe1,0x82,0x8f,0x71,0x57,
    0x8d,0x53,0x8e,0xfa,0xa1,0x54,0x7c,0x45,0x48,0x7d,0x50,0x50,0x7e,0x48,0x44,0x7e,
    0x54,0x45,0x6a,0x3e,0x3c,0x6b,0x46,0x47,0x6b,0x3b,0x3c,0x6c,0x14,0x6d,0xbd,0x79,
    0x5d,0x9e,0x6a,0x0f,0x09,0x1a,0xb9,0x78,0x73,0xb4,0x68,0x68,0xb4,0x73,0x78,0xb9,
    0x1a,0x09,0x0f,0x6a,0x9e,0x5d,0x79,0xbd,0x6d,0xce,0x3a,0x69,0x45,0x48,0x6d,0x40,
    0x3f,0x6e,0x48,0x45,0x68,0x3b,0x02,0xa7,0x38,0x63,0x41,0x41,0x60,0x36,0x36,0x60,
    0x41,0x41,0x63,0x38,0x00,0x02,0x00,0x67,0xff,0xeb,0x04,0xb7,0x05,0xe9,0x00,0x22,
    0x00,0x33,0x00,0x00,0x45,0x22,0x26,0x26,0x27,0x21,0x16,0x16,0x33,0x32,0x36,0x36,
    0x35,0x23,0x0e,0x02,0x23,0x22,0x26,0x26,0x35,0x34,0x36,0x36,0x17,0x32,0x16,0x16,
    0x12,0x15,0x14,0x02,0x06,0x06,0x03,0x32,0x3e,0x02,0x35,0x34,0x26,0x26,0x23,0x22,
    0x06,0x06,0x15,0x14,0x16,0x16,0x02,0x71,0x8c,0xd9,0x86,0x11,0x01,0x08,0x14,0x7d,
    0x63,0x68,0x90,0x4b,0x0a,0x24,0x71,0x8e,0x51,0x82,0xd3,0x7a,0x88,0xf2,0xa1,0x6a,
    0xc9,0xa2,0x60,0x51,0x99,0xd7,0x79,0x3c,0x67,0x4c,0x2b,0x48,0x7d,0x51,0x4f,0x7d,
    0x4a,0x48,0x7b,0x15,0x6e,0xc0,0x7a,0x56,0x6b,0x7a,0xe4,0x9f,0x40,0x5c,0x32,0x7d,
    0xdc,0x8c,0x93,0xea,0x86,0x02,0x4a,0xa6,0xfe,0xeb,0xcd,0xc0,0xfe,0xd4,0xd1,0x6d,
    0x02,0xe3,0x2e,0x50,0x68,0x3b,0x4d,0x82,0x4f,0x4d,0x83,0x51,0x50,0x82,0x4c,0x00,
    0x00,0x01,0x00,0x59,0xff,0xeb,0x05,0x3d,0x05,0xe3,0x00,0x40,0x00,0x00,0x45,0x22,
    0x26,0x26,0x35,0x34,0x36,0x36,0x37,0x25,0x3e,0x02,0x35,0x34,0x26,0x23,0x22,0x06,
    0x06,0x15,0x14,0x16,0x16,0x17,0x01,0x21,0x01,0x2e,0x02,0x35,0x34,0x36,0x36,0x33,
    0x32,0x16,0x16,0x15,0x14,0x06,0x06,0x07,0x05,0x06,0x06,0x15,0x14,0x16,0x16,0x33,
    0x32,0x3e,0x02,0x35,0x33,0x14,0x06,0x06,0x07,0x07,0x06,0x06,0x02,0x43,0x97,0xdd,
    0x76,0x49,0x84,0x55,0x01,0x08,0x1d,0x37,0x22,0x50,0x47,0x30,0x49,0x28,0x32,0x57,
    0x38,0x02,0xbb,0xfe,0xe4,0xfd,0xbd,0x43,0x78,0x4b,0x61,0xb0,0x76,0x74,0xa9,0x5c,
    0x32,0x58,0x3c,0xfe,0xd2,0x47,0x43,0x3b,0x6a,0x46,0x54,0x9f,0x7f,0x4c,0xe1,0x3f,
    0x63,0x35,0x3f,0x4f,0xd5,0x15,0x6e,0xbc,0x73,0x5c,0x8b,0x74,0x3c,0xb4,0x15,0x34,
    0x41,0x28,0x3a,0x4f,0x27,0x44,0x2e,0x33,0x62,0x6c,0x42,0xfc,0xce,0x02,0x98,0x50,
    0x93,0x9e,0x5e,0x68,0xa5,0x5f,0x5d,0x9a,0x5f,0x44,0x78,0x66,0x2c,0xdc,0x35,0x62,
    0x3e,0x3e,0x5d,0x33,0x49,0x86,0xbb,0x72,0x8d,0xd0,0x8e,0x2a,0x30,0x48,0x44,0x00,
    0x00,0x02,0x00,0xa6,0xff,0xef,0x01,0xec,0x05,0xd2,0x00,0x03,0x00,0x0f,0x00,0x00,
    0x53,0x03,0x21,0x03,0x03,0x22,0x26,0x35,0x34,0x36,0x33,0x32,0x16,0x15,0x14,0x06,
    0xcd,0x12,0x01,0x1b,0x13,0x7a,0x47,0x5c,0x5c,0x47,0x47,0x5c,0x5c,0x01,0xda,0x03,
    0xf8,0xfc,0x08,0xfe,0x15,0x59,0x44,0x45,0x59,0x59,0x45,0x44,0x59,0x00,0x00,0x02,
    0x00,0x50,0xff,0xef,0x03,0xf6,0x05,0xe6,0x00,0x21,0x00,0x2d,0x00,0x00,0x41,0x35,
    0x34,0x36,0x36,0x37,0x36,0x36,0x35,0x34,0x26,0x26,0x23,0x22,0x06,0x06,0x07,0x23,
    0x3e,0x02,0x33,0x32,0x16,0x16,0x15,0x14,0x06,0x07,0x0e,0x02,0x15,0x15,0x03,0x22,
    0x26,0x35,0x34,0x36,0x33,0x32,0x16,0x15,0x14,0x06,0x01,0x84,0x2f,0x5b,0x40,0x43,
    0x5b,0x37,0x5b,0x39,0x33,0x5e,0x3d,0x04,0xff,0x03,0x7f,0xd2,0x7e,0x8b,0xd3,0x76,
    0x73,0x65,0x3c,0x4c,0x23,0x76,0x47,0x5d,0x5d,0x47,0x47,0x5c,0x5c,0x01,0xc7,0x13,
    0x83,0x93,0x57,0x27,0x2a,0x6d,0x4e,0x3a,0x54,0x2f,0x2c,0x5a,0x44,0x8a,0xb9,0x5d,
    0x61,0xb4,0x7a,0x7d,0xab,0x3c,0x25,0x46,0x60,0x4e,0x13,0xfe,0x28,0x59,0x44,0x45,
    0x59,0x59,0x45,0x44,0x59,0x00,0x00,0x01,0x00,0xba,0xfe,0xe9,0x02,0xaf,0x06,0x2d,
    0x00,0x10,0x00,0x00,0x53,0x34,0x12,0x12,0x37,0x33,0x06,0x02,0x02,0x15,0x14,0x12,
    0x12,0x17,0x23,0x26,0x02,0xba,0x42,0x74,0x4c,0xf3,0x49,0x6b,0x39,0x31,0x69,0x53,
    0xf3,0x7f,0x83,0x02,0x5f,0xa5,0x01,0x66,0x01,0x4a,0x79,0x9c,0xfe,0xaf,0xfe,0xb4,
    0x95,0x84,0xfe,0xf5,0xfe,0xd1,0xb8,0xd5,0x01,0xc2,0x00,0x01,0x00,0x4d,0xfe,0xe9,
    0x02,0x42,0x06,0x2d,0x00,0x10,0x00,0x00,0x53,0x36,0x12,0x12,0x35,0x34,0x02,0x02,
    0x27,0x33,0x16,0x12,0x12,0x15,0x14,0x02,0x07,0x4d,0x55,0x68,0x30,0x39,0x6a,0x4a,
    0xf3,0x4c,0x74,0x42,0x84,0x7e,0xfe,0xe9,0xbc,0x01,0x30,0x01,0x09,0x81,0x95,0x01,
    0x4c,0x01,0x51,0x9c,0x79,0xfe,0xb6,0xfe,0x99,0xa4,0xe1,0xfe,0x3d,0xd2,0x00,0x01,
    0x00,0xc4,0xfe,0xe9,0x02,0x8f,0x06,0x2d,0x00,0x07,0x00,0x00,0x53,0x11,0x21,0x15,
    0x23,0x11,0x33,0x15,0xc4,0x01,0xcb,0xd0,0xd0,0xfe,0xe9,0x07,0x44,0xcb,0xfa,0x52,
    0xcb,0x00,0x00,0x01,0x00,0x6d,0xfe,0xe9,0x02,0x37,0x06,0x2d,0x00,0x07,0x00,0x00,
    0x53,0x35,0x33,0x11,0x23,0x35,0x21,0x11,0x6d,0xd0,0xd0,0x01,0xca,0xfe,0xe9,0xcb,
    0x05,0xae,0xcb,0xf8,0xbc,0x00,0x00,0x03,0x00,0x8d,0xfe,0xe9,0x03,0x36,0x06,0x2d,
    0x00,0x13,0x00,0x27,0x00,0x2b,0x00,0x00,0x53,0x35,0x32,0x36,0x35,0x35,0x34,0x3e,
    0x02,0x33,0x15,0x26,0x06,0x15,0x15,0x14,0x0e,0x02,0x01,0x22,0x2e,0x02,0x35,0x35,
    0x34,0x26,0x23,0x35,0x32,0x1e,0x02,0x15,0x15,0x14,0x16,0x33,0x01,0x35,0x33,0x15,
    0x8d,0x7c,0x61,0x3e,0x76,0xac,0x6c,0x80,0x5b,0x23,0x61,0xb6,0x02,0x15,0x6c,0xac,
    0x76,0x3e,0x61,0x7c,0x94,0xb6,0x61,0x23,0x5b,0x80,0xfd,0x57,0xed,0x02,0x7f,0x84,
    0x65,0x72,0xc2,0x79,0x9d,0x58,0x23,0xca,0x01,0x6b,0x72,0xf1,0x38,0x64,0x4e,0x2d,
    0xfc,0x6a,0x23,0x57,0x9d,0x7a,0xc0,0x73,0x66,0x84,0x2e,0x4e,0x65,0x38,0xef,0x72,
    0x6c,0x02,0x61,0xf2,0xf2,0x00,0x00,0x03,0x00,0x6d,0xfe,0xe9,0x03,0x16,0x06,0x2d,
    0x00,0x13,0x00,0x27,0x00,0x2b,0x00,0x00,0x41,0x22,0x2e,0x02,0x35,0x35,0x34,0x26,
    0x23,0x35,0x32,0x1e,0x02,0x15,0x15,0x14,0x16,0x33,0x01,0x35,0x32,0x36,0x35,0x35,
    0x34,0x3e,0x02,0x33,0x15,0x06,0x06,0x15,0x15,0x14,0x0e,0x02,0x01,0x07,0x35,0x17,
    0x03,0x16,0x93,0xb6,0x62,0x23,0x5a,0x81,0x6d,0xaa,0x77,0x3d,0x62,0x7c,0xfd,0x57,
    0x81,0x5a,0x23,0x62,0xb6,0x93,0x7d,0x61,0x3d,0x77,0xaa,0x02,0x3c,0xee,0xee,0x02,
    0x7f,0x2d,0x4e,0x64,0x38,0xf1,0x72,0x6a,0xca,0x23,0x58,0x9d,0x79,0xc2,0x72,0x65,
    0xfb,0xe6,0xc8,0x6c,0x72,0xef,0x38,0x65,0x4e,0x2e,0x84,0x01,0x66,0x72,0xc0,0x7a,
    0x9d,0x57,0x23,0x03,0x2a,0x01,0xf2,0x01,0x00,0x02,0x00,0x67,0xfe,0x5f,0x07,0x97,
    0x05,0xb9,0x00,0x49,0x00,0x59,0x00,0x00,0x41,0x22,0x24,0x26,0x02,0x35,0x34,0x12,
    0x36,0x24,0x33,0x32,0x04,0x16,0x12,0x15,0x14,0x0e,0x02,0x23,0x22,0x26,0x26,0x27,
    0x23,0x06,0x06,0x23,0x22,0x26,0x26,0x35,0x34,0x36,0x36,0x33,0x32,0x16,0x17,0x33,
    0x35,0x33,0x11,0x14,0x16,0x33,0x32,0x36,0x36,0x35,0x34,0x2e,0x02,0x23,0x22,0x04,
    0x06,0x02,0x15,0x14,0x12,0x16,0x04,0x33,0x32,0x36,0x36,0x37,0x17,0x0e,0x02,0x03,
    0x32,0x36,0x36,0x35,0x34,0x26,0x26,0x23,0x22,0x06,0x06,0x15,0x14,0x16,0x16,0x04,
    0x20,0xe3,0xfe,0x9d,0xf5,0x7e,0x7c,0xf1,0x01,0x5e,0xe2,0xd5,0x01,0x4d,0xe8,0x79,
    0x26,0x59,0x96,0x71,0x3d,0x76,0x53,0x0a,0x08,0x1a,0x96,0x74,0x88,0xbb,0x62,0x6d,
    0xc2,0x7d,0x61,0x8a,0x1c,0x0b,0xbe,0x33,0x34,0x43,0x4b,0x1f,0x53,0xa8,0xfe,0xa9,
    0xb0,0xfe,0xf2,0xb9,0x5f,0x5f,0xbe,0x01,0x16,0xb7,0x51,0x97,0x7b,0x25,0x43,0x31,
    0x97,0xb6,0x95,0x58,0x6f,0x36,0x39,0x6f,0x51,0x4e,0x6e,0x3a,0x32,0x6c,0xfe,0x5f,
    0x7d,0xef,0x01,0x5d,0xdf,0xd7,0x01,0x5c,0xf9,0x86,0x82,0xe6,0xfe,0xd0,0xae,0x77,
    0xd7,0xa8,0x61,0x22,0x4a,0x3b,0x47,0x5f,0x80,0xe1,0x93,0x8f,0xdd,0x7d,0x46,0x31,
    0x60,0xfd,0x62,0x34,0x43,0x57,0xb5,0x8d,0x8a,0xed,0xb1,0x62,0x65,0xc0,0xfe,0xec,
    0xaf,0xb1,0xfe,0xed,0xbc,0x60,0x1a,0x24,0x0f,0xb9,0x17,0x2b,0x1c,0x02,0x7f,0x47,
    0x8b,0x66,0x69,0x7b,0x36,0x49,0x7f,0x51,0x57,0x8e,0x54,0x00,0x00,0x04,0x00,0x1a,
    0x00,0x00,0x05,0x0b,0x05,0xd2,0x00,0x03,0x00,0x07,0x00,0x0b,0x00,0x0f,0x00,0x00,
    0x61,0x13,0x33,0x03,0x01,0x37,0x21,0x07,0x01,0x13,0x33,0x03,0x01,0x37,0x21,0x07,
    0x02,0xb9,0xf5,0xca,0xf5,0xfc,0x97,0x22,0x04,0x7a,0x22,0xfc,0x1a,0xf4,0xca,0xf4,
    0xfe,0xf9,0x22,0x04,0x78,0x21,0x05,0xd2,0xfa,0x2e,0x01,0x81,0xca,0xca,0xfe,0x7f,
    0x05,0xd2,0xfa,0x2e,0x03,0x86,0xcb,0xcb,0x00,0x01,0x00,0x22,0xff,0x20,0x02,0xe6,
    0x06,0x18,0x00,0x03,0x00,0x00,0x41,0x01,0x23,0x01,0x02,0xe6,0xfe,0x20,0xe4,0x01,
    0xe0,0x06,0x18,0xf9,0x08,0x06,0xf8,0x00,0x00,0x01,0x00,0xf6,0xfe,0x20,0x01,0xe8,
    0x07,0xb2,0x00,0x03,0x00,0x00,0x41,0x11,0x23,0x11,0x01,0xe8,0xf2,0x07,0xb2,0xf6,
    0x6e,0x09,0x92,0x00,0x00,0x01,0x00,0x22,0xff,0x20,0x02,0xe6,0x06,0x18,0x00,0x03,
    0x00,0x00,0x45,0x01,0x33,0x01,0x02,0x02,0xfe,0x20,0xe4,0x01,0xe0,0xe0,0x06,0xf8,
    0xf9,0x08,0x00,0x01,0x00,0x8d,0x02,0x01,0x03,0x2b,0x02,0xd8,0x00,0x03,0x00,0x00,
    0x41,0x15,0x21,0x35,0x03,0x2b,0xfd,0x62,0x02,0xd8,0xd7,0xd7,0x00,0x01,0x00,0x00,
    0x02,0x01,0x04,0x00,0x02,0xd8,0x00,0x03,0x00,0x00,0x41,0x15,0x21,0x35,0x04,0x00,
    0xfc,0x00,0x02,0xd8,0xd7,0xd7,0x00,0x01,0x00,0x00,0x02,0x01,0x08,0x00,0x02,0xd8,
    0x00,0x03,0x00,0x00,0x41,0x15,0x21,0x35,0x08,0x00,0xf8,0x00,0x02,0xd8,0xd7,0xd7,
    0x00,0x01,0x00,0xc4,0x01,0x12,0x03,0x44,0x03,0x92,0x00,0x0f,0x00,0x00,0x41,0x22,
    0x26,0x26,0x35,0x34,0x36,0x36,0x33,0x32,0x16,0x16,0x15,0x14,0x06,0x06,0x02,0x04,
    0x58,0x92,0x56,0x56,0x92,0x58,0x59,0x91,0x56,0x56,0x91,0x01,0x12,0x56,0x92,0x58,
    0x59,0x91,0x56,0x56,0x91,0x59,0x58,0x92,0x56,0x00,0x00,0x01,0x00,0xa4,0x03,0x77,
    0x02,0x08,0x05,0xd2,0x00,0x03,0x00,0x00,0x53,0x13,0x33,0x03,0xa4,0xae,0xb6,0x58,
    0x03,0x77,0x02,0x5b,0xfd,0xa5,0x00,0x01,0x00,0xa4,0x03,0x77,0x02,0x08,0x05,0xd2,
    0x00,0x03,0x00,0x00,0x53,0x13,0x21,0x03,0xa4,0x58,0x01,0x0c,0xae,0x03,0x77,0x02,
    0x5b,0xfd,0xa5,0x00,0x00,0x01,0x00,0xcd,0x03,0x77,0x01,0xce,0x05,0xd2,0x00,0x03,
    0x00,0x00,0x53,0x03,0x21,0x03,0xe8,0x1b,0x01,0x01,0x1b,0x03,0x77,0x02,0x5b,0xfd,
    0xa5,0x00,0xff,0xff,0x00,0xcd,0x03,0x77,0x03,0x62,0x05,0xd2,0x04,0x26,0x00,0x56,
    0x00,0x00,0x00,0x07,0x00,0x56,0x01,0x94,0x00,0x00,0xff,0xff,0x00,0xa4,0x03,0x77,
    0x03,0xbc,0x05,0xd2,0x04,0x26,0x00,0x54,0x00,0x00,0x00,0x07,0x00,0x54,0x01,0xb4,
    0x00,0x00,0xff,0xff,0x00,0xa4,0x03,0x77,0x03,0xb1,0x05,0xd2,0x04,0x26,0x00,0x55,
    0x00,0x00,0x00,0x07,0x00,0x55,0x01,0xa9,0x00,0x00,0xff,0xff,0x00,0x7b,0xfe,0x81,
    0x01,0xdf,0x00,0xdc,0x04,0x07,0x00,0x55,0xff,0xd7,0xfb,0x0a,0x00,0x01,0x00,0xa6,
    0xff,0xef,0x01,0xe7,0x01,0x2e,0x00,0x0b,0x00,0x00,0x45,0x22,0x26,0x35,0x34,0x36,
    0x33,0x32,0x16,0x15,0x14,0x06,0x01,0x46,0x43,0x5d,0x5d,0x43,0x44,0x5d,0x5d,0x11,
    0x5c,0x44,0x43,0x5c,0x5c,0x43,0x44,0x5c,0xff,0xff,0x00,0xa6,0xff,0xef,0x07,0x00,
    0x01,0x2e,0x04,0x26,0x00,0x5b,0x00,0x00,0x00,0x27,0x00,0x5b,0x02,0x8d,0x00,0x00,
    0x00,0x07,0x00,0x5b,0x05,0x19,0x00,0x00,0xff,0xff,0x00,0xa6,0xff,0xef,0x01,0xe7,
    0x04,0x2a,0x06,0x26,0x00,0x5b,0x00,0x00,0x00,0x07,0x00,0x5b,0x00,0x00,0x02,0xfc,
    0xff,0xff,0x00,0x7b,0xfe,0x81,0x01,0xfd,0x04,0x2a,0x04,0x27,0x00,0x55,0xff,0xd7,
    0xfb,0x0a,0x00,0x07,0x00,0x5b,0x00,0x16,0x02,0xfc,0x00,0x01,0x00,0xa9,0x00,0x1b,
    0x04,0x8b,0x04,0x83,0x00,0x09,0x00,0x00,0x53,0x35,0x01,0x11,0x01,0x37,0x15,0x27,
    0x01,0x11,0xa9,0x03,0xe2,0xfd,0x3c,0x09,0x09,0x02,0xc4,0x01,0xe8,0xce,0x01,0xcd,
    0xfe,0xfe,0xfe,0xd0,0x0e,0x21,0x0d,0xfe,0xd0,0xff,0x00,0x00,0x00,0x01,0x00,0xd8,
    0x00,0x1b,0x04,0xb9,0x04,0x83,0x00,0x09,0x00,0x00,0x41,0x01,0x11,0x01,0x07,0x35,
    0x17,0x01,0x11,0x01,0x04,0xb9,0xfc,0x1f,0x02,0xc4,0x08,0x08,0xfd,0x3c,0x03,0xe1,
    0x01,0xe8,0xfe,0x33,0x01,0x00,0x01,0x30,0x0d,0x21,0x0e,0x01,0x30,0x01,0x02,0xfe,
    0x33,0x00,0x00,0x02,0x00,0xcf,0x00,0xf7,0x04,0x94,0x03,0xa6,0x00,0x03,0x00,0x07,
    0x00,0x00,0x53,0x35,0x21,0x15,0x01,0x35,0x21,0x15,0xcf,0x03,0xc5,0xfc,0x3b,0x03,
    0xc5,0x02,0xc8,0xde,0xde,0xfe,0x2f,0xe0,0xe0,0x00,0x00,0x02,0x00,0xbb,0x00,0x58,
    0x04,0xa8,0x04,0x46,0x00,0x03,0x00,0x07,0x00,0x00,0x65,0x11,0x33,0x11,0x01,0x35,
    0x21,0x15,0x02,0x40,0xe2,0xfd,0x99,0x03,0xed,0x58,0x03,0xee,0xfc,0x12,0x01,0x8d,
    0xd5,0xd5,0x00,0x02,0x00,0xb8,0x00,0x53,0x04,0xae,0x04,0x4b,0x00,0x03,0x00,0x07,
    0x00,0x00,0x65,0x01,0x37,0x01,0x05,0x27,0x01,0x17,0x04,0x0c,0xfc,0xac,0xa3,0x03,
    0x53,0xfc,0xad,0xa3,0x03,0x54,0xa2,0x53,0x03,0x53,0xa5,0xfc,0xaa,0xa2,0xa2,0x03,
    0x56,0xa5,0x00,0x01,0x00,0x9d,0x01,0x7d,0x04,0xc5,0x03,0x2a,0x00,0x1b,0x00,0x00,
    0x53,0x26,0x36,0x36,0x33,0x32,0x16,0x17,0x16,0x16,0x33,0x32,0x36,0x27,0x33,0x16,
    0x06,0x06,0x23,0x22,0x26,0x27,0x26,0x26,0x23,0x22,0x06,0x17,0xa1,0x04,0x4f,0x8d,
    0x59,0x47,0x7b,0x50,0x2f,0x3c,0x26,0x37,0x45,0x01,0xd2,0x03,0x51,0x8c,0x58,0x4a,
    0x7e,0x4b,0x31,0x39,0x26,0x35,0x47,0x02,0x01,0xa0,0x85,0xaf,0x56,0x3a,0x47,0x28,
    0x27,0x55,0x57,0x84,0xaf,0x56,0x3e,0x42,0x2b,0x24,0x50,0x5c,0x00,0x01,0x00,0x00,
    0xff,0x2f,0x03,0xc1,0x00,0x00,0x00,0x03,0x00,0x00,0x61,0x15,0x21,0x35,0x03,0xc1,
    0xfc,0x3f,0xd1,0xd1,0x00,0x02,0x00,0x49,0x03,0x2e,0x03,0x91,0x05,0xab,0x00,0x03,
    0x00,0x0b,0x00,0x00,0x41,0x33,0x15,0x23,0x01,0x01,0x33,0x01,0x23,0x03,0x33,0x03,
    0x01,0xd3,0x34,0x34,0xfe,0x76,0x01,0x31,0xe6,0x01,0x31,0xd5,0xd6,0x0e,0xd5,0x05,
    0x3d,0x4f,0xfe,0x40,0x02,0x7d,0xfd,0x83,0x01,0xde,0xfe,0x22,0x00,0x01,0x00,0x91,
    0x02,0x8c,0x03,0xc0,0x05,0xd2,0x00,0x11,0x00,0x00,0x41,0x13,0x07,0x27,0x25,0x25,
    0x37,0x17,0x03,0x33,0x03,0x37,0x17,0x05,0x05,0x07,0x27,0x13,0x01,0xd0,0x11,0xf7,
    0x59,0x01,0x09,0xfe,0xf7,0x59,0xf7,0x11,0xb0,0x10,0xf8,0x58,0xfe,0xf8,0x01,0x08,
    0x58,0xf8,0x10,0x02,0x8c,0x01,0x27,0xa3,0x9a,0x84,0x84,0x9c,0xa3,0x01,0x27,0xfe,
    0xd9,0xa3,0x9c,0x84,0x84,0x9a,0xa3,0xfe,0xd9,0x00,0x00,0x05,0x00,0xc8,0xff,0xe5,
    0x07,0x40,0x05,0xea,0x00,0x11,0x00,0x1f,0x00,0x31,0x00,0x3f,0x00,0x43,0x00,0x00,
    0x41,0x22,0x26,0x26,0x35,0x35,0x34,0x36,0x36,0x33,0x32,0x16,0x16,0x15,0x15,0x14,
    0x06,0x06,0x27,0x32,0x36,0x35,0x35,0x34,0x26,0x23,0x22,0x06,0x15,0x15,0x14,0x16,
    0x01,0x22,0x26,0x26,0x35,0x35,0x34,0x36,0x36,0x33,0x32,0x16,0x16,0x15,0x15,0x14,
    0x06,0x06,0x27,0x32,0x36,0x35,0x35,0x34,0x26,0x23,0x22,0x06,0x15,0x15,0x14,0x16,
    0x05,0x01,0x33,0x01,0x02,0x03,0x66,0x8c,0x49,0x4a,0x8d,0x64,0x67,0x8b,0x47,0x48,
    0x8b,0x66,0x46,0x35,0x33,0x48,0x45,0x37,0x36,0x04,0x4a,0x66,0x8d,0x48,0x4a,0x8c,
    0x65,0x67,0x8b,0x47,0x48,0x8c,0x65,0x46,0x35,0x33,0x48,0x45,0x38,0x37,0xfb,0xdd,
    0x04,0x00,0xc3,0xfc,0x00,0x03,0x1c,0x58,0x92,0x56,0x4e,0x57,0x91,0x58,0x58,0x91,
    0x57,0x4e,0x57,0x92,0x57,0xa6,0x5f,0x3b,0x4e,0x3a,0x61,0x62,0x39,0x4e,0x3b,0x5f,
    0xfc,0x23,0x57,0x92,0x57,0x4e,0x57,0x91,0x58,0x58,0x91,0x57,0x4e,0x57,0x92,0x57,
    0xa6,0x5f,0x3b,0x4e,0x3a,0x61,0x62,0x39,0x4e,0x3b,0x5f,0x8b,0x05,0xd2,0xfa,0x2e,
    0xff,0xff,0x00,0x9d,0x04,0xed,0x02,0x25,0x06,0x1f,0x04,0x06,0x00,0x6a,0x00,0x00,
    0x00,0x01,0x00,0x9d,0x04,0xed,0x02,0x25,0x06,0x1f,0x00,0x03,0x00,0x00,0x41,0x03,
    0x33,0x13,0x01,0x67,0xca,0xfd,0x8b,0x04,0xed,0x01,0x32,0xfe,0xce,0x00,0x00,0x01,
    0x00,0xca,0xff,0xcf,0x06,0xa2,0x05,0x49,0x00,0x1b,0x00,0x00,0x45,0x01,0x01,0x17,
    0x07,0x0e,0x02,0x07,0x37,0x3e,0x02,0x33,0x21,0x15,0x21,0x22,0x26,0x26,0x27,0x27,
    0x1e,0x03,0x17,0x17,0x03,0x87,0xfd,0x43,0x02,0xbd,0x95,0xe2,0x35,0x8c,0x88,0x30,
    0x12,0x28,0x67,0x6b,0x2f,0x03,0xa6,0xfc,0x5a,0x2f,0x6b,0x67,0x28,0x12,0x24,0x61,
    0x6b,0x63,0x26,0xe1,0x31,0x02,0xbd,0x02,0xbd,0x94,0xe2,0x34,0x74,0x68,0x23,0x2e,
    0x09,0x13,0x0d,0xd7,0x0d,0x14,0x08,0x2e,0x1a,0x4a,0x54,0x55,0x26,0xe1,0x00,0x01,
    0x01,0x00,0xff,0xcf,0x06,0xd8,0x05,0x49,0x00,0x1b,0x00,0x00,0x45,0x27,0x37,0x3e,
    0x03,0x37,0x07,0x0e,0x02,0x23,0x21,0x35,0x21,0x32,0x16,0x16,0x17,0x17,0x2e,0x02,
    0x27,0x27,0x37,0x01,0x04,0x1b,0x94,0xe1,0x26,0x63,0x6b,0x61,0x24,0x12,0x28,0x66,
    0x6c,0x2f,0xfc,0x5a,0x03,0xa6,0x2f,0x6c,0x66,0x28,0x12,0x2f,0x89,0x8c,0x35,0xe2,
    0x95,0x02,0xbd,0x31,0x94,0xe1,0x26,0x55,0x54,0x4a,0x1a,0x2e,0x08,0x14,0x0d,0xd7,
    0x0d,0x13,0x09,0x2e,0x23,0x68,0x74,0x34,0xe2,0x94,0xfd,0x43,0x00,0x01,0x00,0xca,
    0x00,0x00,0x06,0x43,0x05,0xed,0x00,0x1b,0x00,0x00,0x53,0x01,0x01,0x07,0x27,0x2e,
    0x02,0x27,0x17,0x1e,0x02,0x15,0x11,0x23,0x11,0x34,0x36,0x36,0x37,0x37,0x0e,0x03,
    0x07,0x07,0xca,0x02,0xbd,0x02,0xbc,0x93,0xe2,0x34,0x74,0x68,0x23,0x2e,0x09,0x13,
    0x0d,0xd7,0x0d,0x14,0x08,0x2e,0x1a,0x4a,0x54,0x55,0x26,0xe1,0x03,0x30,0x02,0xbd,
    0xfd,0x43,0x94,0xe1,0x35,0x8c,0x88,0x30,0x12,0x28,0x66,0x6c,0x2f,0xfc,0x45,0x03,
    0xbb,0x2f,0x6c,0x66,0x28,0x12,0x24,0x61,0x6b,0x63,0x26,0xe1,0x00,0x01,0x00,0xca,
    0xff,0xe5,0x06,0x43,0x05,0xd2,0x00,0x1b,0x00,0x00,0x41,0x01,0x01,0x37,0x17,0x1e,
    0x02,0x17,0x27,0x2e,0x02,0x35,0x11,0x33,0x11,0x14,0x06,0x06,0x07,0x07,0x3e,0x03,
    0x37,0x37,0x06,0x43,0xfd,0x43,0xfd,0x44,0x94,0xe1,0x35,0x73,0x68,0x23,0x2e,0x08,
    0x14,0x0d,0xd7,0x0d,0x13,0x09,0x2e,0x1b,0x49,0x55,0x54,0x26,0xe1,0x02,0xa2,0xfd,
    0x43,0x02,0xbd,0x94,0xe1,0x35,0x8c,0x88,0x30,0x12,0x29,0x66,0x6c,0x2e,0x03,0xbb,
    0xfc,0x45,0x2e,0x6c,0x66,0x29,0x12,0x24,0x61,0x6b,0x63,0x26,0xe1,0x00,0x00,0x01,
    0x00,0xcf,0x00,0x7a,0x06,0x85,0x04,0xcb,0x00,0x05,0x00,0x00,0x53,0x37,0x01,0x01,
    0x17,0x01,0xcf,0xab,0x01,0x62,0x02,0xfc,0xad,0xfc,0x57,0x02,0x82,0xad,0xfe,0xa5,
    0x02,0xf7,0xac,0xfc,0x5b,0x00,0x00,0x01,0x00,0x7f,0x04,0xfc,0x01,0xae,0x06,0x19,
    0x00,0x0b,0x00,0x00,0x41,0x22,0x26,0x35,0x34,0x36,0x33,0x32,0x16,0x15,0x14,0x06,
    0x01,0x16,0x3e,0x59,0x59,0x3e,0x3f,0x59,0x59,0x04,0xfc,0x54,0x3a,0x3c,0x53,0x53,
    0x3b,0x3b,0x54,0x00,0x00,0x00,0x00,0x03,0x00,0x2a,0x00,0x03,0x00,0x01,0x04,0x09,
    0x00,0x01,0x00,0x0a,0x00,0x00,0x00,0x03,0x00,0x01,0x04,0x09,0x00,0x02,0x00,0x0e,
    0x00,0x0a,0x00,0x03,0x00,0x01,0x04,0x09,0x00,0x06,0x00,0x1a,0x00,0x18,0x00,0x49,
    0x00,0x6e,0x00,0x74,0x00,0x65,0x00,0x72,0x00,0x52,0x00,0x65,0x00,0x67,0x00,0x75,
    0x00,0x6c,0x00,0x61,0x00,0x72,0x00,0x49,0x00,0x6e,0x00,0x74,0x00,0x65,0x00,0x72,
    0x00,0x2d,0x00,0x52,0x00,0x65,0x00,0x67,0x00,0x75,0x00,0x6c,0x00,0x61,0x00,0x72,
    0x00,0x03,0x00,0x00,0x00,0x00,0x00,0x00,0xfe,0xb5,0x00,0xad,0x00,0x00,0x00,0x00,
    0x00,0x00,0x00,0x00,0x00,0x00,0x00,0x00,0x00,0x00,0x00,0x00,0x00,0x00,0x00,0x00,
    0x00,0x01,0x00,0x01,0xff,0xff,0x00,0x0f,
};

static const unsigned char PSX_UI_FONT_ICONS_TTF[2024] = {
    0x00,0x01,0x00,0x00,0x00,0x0c,0x00,0x80,0x00,0x03,0x00,0x40,0x4f,0x53,0x2f,0x32,
    0x41,0x97,0x55,0xe5,0x00,0x00,0x01,0x48,0x00,0x00,0x00,0x60,0x63,0x6d,0x61,0x70,
    0xa8,0x65,0x8c,0x9f,0x00,0x00,0x01,0xbc,0x00,0x00,0x00,0x6c,0x67,0x61,0x73,0x70,
    0x00,0x00,0x00,0x10,0x00,0x00,0x07,0xe0,0x00,0x00,0x00,0x08,0x67,0x6c,0x79,0x66,
    0x06,0x62,0x9f,0xb7,0x00,0x00,0x02,0x44,0x00,0x00,0x04,0xd4,0x68,0x65,0x61,0x64,
    0x38,0x3c,0x6a,0x1e,0x00,0x00,0x00,0xcc,0x00,0x00,0x00,0x36,0x68,0x68,0x65,0x61,
    0x07,0xe2,0x07,0x49,0x00,0x00,0x01,0x04,0x00,0x00,0x00,0x24,0x68,0x6d,0x74,0x78,
    0x05,0x50,0x02,0x53,0x00,0x00,0x01,0xa8,0x00,0x00,0x00,0x14,0x6c,0x6f,0x63,0x61,
    0x05,0x18,0x06,0x5e,0x00,0x00,0x02,0x30,0x00,0x00,0x00,0x14,0x6d,0x61,0x78,0x70,
    0x00,0x10,0x00,0x78,0x00,0x00,0x01,0x28,0x00,0x00,0x00,0x20,0x6e,0x61,0x6d,0x65,
    0x0c,0xe8,0x19,0x2e,0x00,0x00,0x07,0x18,0x00,0x00,0x00,0xa8,0x70,0x6f,0x73,0x74,
    0x00,0x03,0x00,0x01,0x00,0x00,0x07,0xc0,0x00,0x00,0x00,0x20,0x70,0x72,0x65,0x70,
    0x68,0x06,0x8c,0x85,0x00,0x00,0x02,0x28,0x00,0x00,0x00,0x07,0x00,0x01,0x00,0x00,
    0x00,0x02,0xf7,0x4c,0x6d,0xf3,0x62,0xfc,0x5f,0x0f,0x3c,0xf5,0x08,0x02,0x03,0xc0,
    0x00,0x00,0x00,0x00,0xe6,0xad,0x02,0xe7,0x00,0x00,0x00,0x00,0xe6,0xb8,0x2b,0x70,
    0x00,0x28,0x00,0x00,0x03,0x98,0x03,0xc0,0x00,0x00,0x00,0x06,0x00,0x02,0x00,0x00,
    0x00,0x00,0x00,0x00,0x00,0x01,0x00,0x00,0x04,0x20,0xff,0xa0,0x00,0x00,0x03,0xc0,
    0x00,0x28,0x00,0x28,0x03,0x98,0x03,0xc0,0x00,0x00,0x00,0x00,0x00,0x00,0x00,0x00,
    0x00,0x00,0x00,0x00,0x00,0x00,0x00,0x01,0x00,0x01,0x00,0x00,0x00,0x09,0x00,0x77,
    0x00,0x06,0x00,0x00,0x00,0x00,0x00,0x01,0x00,0x00,0x00,0x00,0x00,0x00,0x00,0x00,
    0x00,0x00,0x00,0x00,0x00,0x00,0x00,0x00,0x00,0x04,0x03,0xc0,0x01,0x90,0x00,0x05,
    0x00,0x00,0x00,0x00,0x00,0x00,0x00,0x00,0x00,0x00,0x00,0x00,0x00,0x00,0x00,0x00,
    0x00,0x00,0x00,0x00,0x00,0x00,0x00,0x00,0x05,0x0a,0x01,0x03,0x01,0x02,0x02,0x02,
    0x02,0x02,0x00,0x00,0x00,0x00,0x10,0x00,0x00,0x00,0x00,0x00,0x00,0x00,0x00,0x00,
    0x00,0x00,0x47,0x4f,0x4f,0x47,0x00,0xc0,0xe0,0x50,0xef,0x5b,0x04,0x20,0xff,0xa0,
    0x00,0x00,0x04,0x26,0x00,0x5b,0x00,0x00,0x00,0x01,0x00,0x00,0x00,0x00,0x03,0xc0,
    0x03,0xc0,0x00,0x00,0x00,0x20,0x00,0x2b,0x03,0xc0,0x00,0xc8,0x00,0x50,0x00,0x4b,
    0x00,0x50,0x00,0xa0,0x00,0x78,0x00,0x78,0x00,0x78,0x00,0x28,0x00,0x00,0x00,0x02,
    0x00,0x00,0x00,0x03,0x00,0x00,0x00,0x14,0x00,0x03,0x00,0x01,0x00,0x00,0x00,0x14,
    0x00,0x04,0x00,0x58,0x00,0x00,0x00,0x12,0x00,0x10,0x00,0x03,0x00,0x02,0xe0,0x50,
    0xe2,0xc7,0xe4,0x17,0xe4,0x29,0xe6,0xec,0xe8,0x7b,0xea,0x0b,0xef,0x5b,0xff,0xff,
    0x00,0x00,0xe0,0x50,0xe2,0xc7,0xe4,0x17,0xe4,0x29,0xe6,0xec,0xe8,0x7b,0xea,0x0b,
    0xef,0x5b,0xff,0xff,0x1f,0xb6,0x1d,0x3a,0x1b,0xf1,0x1b,0xdc,0x19,0x16,0x17,0x8c,
    0x15,0xf9,0x10,0xa8,0x00,0x01,0x00,0x00,0x00,0x00,0x00,0x00,0x00,0x00,0x00,0x00,
    0x00,0x00,0x00,0x00,0x00,0x00,0x00,0x00,0xb8,0x01,0xff,0x85,0xb0,0x04,0x8d,0x00,
    0x00,0x00,0x00,0x27,0x00,0x62,0x00,0xdf,0x01,0x1b,0x01,0x3e,0x01,0x75,0x01,0xb0,
    0x02,0x26,0x02,0x6a,0x00,0x05,0x00,0xc8,0x00,0x00,0x02,0xf8,0x03,0xc0,0x00,0x03,
    0x00,0x06,0x00,0x09,0x00,0x0c,0x00,0x0f,0x00,0x00,0x73,0x11,0x21,0x11,0x25,0x13,
    0x03,0x01,0x11,0x03,0x03,0x21,0x03,0x35,0x13,0x21,0xc8,0x02,0x30,0xfe,0x20,0xb2,
    0xb2,0x01,0x90,0xb2,0xc8,0x01,0x64,0xb2,0xb0,0xfe,0xa0,0x03,0xc0,0xfc,0x40,0x7c,
    0x01,0x64,0x01,0x66,0xfd,0x36,0x02,0xca,0xfe,0x9c,0xfe,0x6e,0x01,0x64,0x5a,0x01,
    0x62,0x00,0x00,0x03,0x00,0x50,0x00,0xa0,0x03,0x70,0x03,0x20,0x00,0x11,0x00,0x23,
    0x00,0x35,0x00,0x00,0x77,0x22,0x26,0x35,0x11,0x34,0x36,0x33,0x33,0x17,0x21,0x32,
    0x16,0x15,0x11,0x14,0x06,0x23,0x25,0x21,0x30,0x30,0x31,0x11,0x30,0x30,0x31,0x21,
    0x27,0x23,0x30,0x30,0x31,0x11,0x30,0x30,0x31,0x30,0x30,0x31,0x11,0x30,0x30,0x31,
    0x31,0x15,0x31,0x30,0x30,0x31,0x11,0x30,0x30,0x31,0xa0,0x21,0x2f,0x2f,0x21,0xf0,
    0x50,0x01,0x40,0x21,0x2f,0x2f,0x21,0xfd,0x80,0x02,0x80,0xfe,0x9f,0x50,0xcf,0xa0,
    0x2f,0x21,0x01,0xe0,0x21,0x2f,0x50,0x2f,0x21,0xfe,0x70,0x21,0x2f,0x50,0x01,0x90,
    0x50,0xfe,0x20,0x01,0xe0,0x50,0xfe,0x70,0x00,0x06,0x00,0x4b,0x00,0xc8,0x03,0x75,
    0x02,0xf8,0x00,0x17,0x00,0x2d,0x00,0x35,0x00,0x3d,0x00,0x49,0x00,0x61,0x00,0x00,
    0x77,0x22,0x26,0x37,0x13,0x36,0x36,0x33,0x21,0x32,0x16,0x17,0x13,0x16,0x06,0x23,
    0x22,0x26,0x27,0x27,0x21,0x07,0x06,0x06,0x27,0x37,0x21,0x17,0x16,0x17,0x32,0x36,
    0x27,0x03,0x26,0x26,0x23,0x21,0x22,0x06,0x07,0x03,0x06,0x16,0x33,0x32,0x24,0x36,
    0x34,0x26,0x22,0x06,0x14,0x16,0x26,0x36,0x34,0x26,0x22,0x06,0x14,0x16,0x05,0x33,
    0x35,0x33,0x35,0x23,0x35,0x23,0x15,0x23,0x15,0x33,0x17,0x30,0x30,0x31,0x30,0x30,
    0x31,0x31,0x30,0x30,0x31,0x31,0x30,0x30,0x31,0x31,0x30,0x30,0x31,0x30,0x30,0x39,
    0x02,0xb6,0x33,0x38,0x07,0x2a,0x09,0x59,0x3c,0x01,0x8c,0x3c,0x59,0x09,0x2a,0x07,
    0x38,0x33,0x15,0x24,0x0f,0x5a,0xfe,0xf0,0x5a,0x0f,0x24,0x05,0x72,0x01,0x50,0x72,
    0x02,0x0e,0x0b,0x0d,0x02,0x2c,0x04,0x2c,0x1e,0xfe,0x74,0x1e,0x2c,0x04,0x2c,0x02,
    0x0d,0x0b,0x02,0x02,0x01,0x17,0x17,0x22,0x17,0x17,0x2e,0x17,0x17,0x22,0x17,0x17,
    0xfe,0xef,0x3c,0x46,0x46,0x3c,0x46,0x46,0xaa,0xc8,0x47,0x33,0x01,0x2c,0x3c,0x4e,
    0x4e,0x3c,0xfe,0xd4,0x33,0x47,0x0f,0x0f,0x5a,0x5a,0x0f,0x0f,0x56,0x72,0x72,0x02,
    0x04,0x0d,0x0b,0x01,0x34,0x1d,0x27,0x27,0x1d,0xfe,0xcc,0x0b,0x0d,0xa0,0x17,0x22,
    0x17,0x17,0x22,0x17,0x78,0x17,0x22,0x17,0x17,0x22,0x17,0x78,0x46,0x3c,0x46,0x46,
    0x3c,0x1e,0x00,0x03,0x00,0x50,0x00,0x78,0x03,0x70,0x03,0x48,0x00,0x15,0x00,0x25,
    0x00,0x35,0x00,0x00,0x77,0x35,0x37,0x23,0x22,0x26,0x35,0x11,0x34,0x36,0x33,0x21,
    0x32,0x16,0x15,0x11,0x14,0x06,0x23,0x23,0x17,0x15,0x25,0x21,0x30,0x30,0x31,0x11,
    0x30,0x30,0x31,0x21,0x30,0x30,0x31,0x11,0x30,0x30,0x31,0x30,0x30,0x31,0x11,0x30,
    0x30,0x31,0x31,0x30,0x30,0x31,0x11,0x30,0x30,0x31,0xf0,0x28,0x78,0x21,0x2f,0x2f,
    0x21,0x02,0x80,0x21,0x2f,0x2f,0x21,0x78,0x28,0xfd,0xd0,0x02,0x80,0xfd,0x80,0x78,
    0x50,0x28,0x2f,0x21,0x01,0xb8,0x21,0x2f,0x2f,0x21,0xfe,0x48,0x21,0x2f,0x28,0x50,
    0xc8,0x01,0xb8,0xfe,0x48,0x01,0xb8,0xfe,0x48,0x00,0x00,0x03,0x00,0xa0,0x00,0x50,
    0x03,0x20,0x03,0x70,0x00,0x05,0x00,0x0d,0x00,0x13,0x00,0x00,0x65,0x37,0x23,0x37,
    0x03,0x33,0x03,0x13,0x23,0x01,0x33,0x03,0x33,0x01,0x13,0x39,0x04,0x01,0xa6,0xcf,
    0xa0,0x1d,0xb9,0x8b,0x84,0x28,0xc8,0x01,0x68,0x50,0x28,0xf0,0xfe,0x70,0x47,0xe8,
    0xf8,0xe3,0xfe,0xf5,0xfe,0x98,0x01,0x18,0x02,0x08,0xfe,0xc0,0xfe,0x20,0x01,0x86,
    0x00,0x06,0x00,0x78,0x00,0x78,0x03,0x48,0x03,0x48,0x00,0x07,0x00,0x0b,0x00,0x13,
    0x00,0x17,0x00,0x1f,0x00,0x23,0x00,0x00,0x65,0x35,0x33,0x15,0x21,0x15,0x21,0x15,
    0x25,0x35,0x33,0x15,0x27,0x35,0x23,0x35,0x33,0x35,0x33,0x15,0x37,0x35,0x21,0x15,
    0x27,0x35,0x33,0x15,0x33,0x15,0x23,0x15,0x25,0x35,0x21,0x15,0x01,0xb8,0x50,0x01,
    0x40,0xfe,0xc0,0xfe,0x70,0xf0,0x50,0xa0,0xa0,0x50,0x50,0x01,0x90,0xf0,0x50,0xa0,
    0xa0,0xfd,0xd0,0x01,0x90,0x78,0xf0,0x50,0x50,0x50,0x50,0x50,0x50,0xa0,0x50,0x50,
    0x50,0xf0,0x50,0x50,0x50,0xa0,0xf0,0x50,0x50,0x50,0x50,0x50,0x50,0x00,0x00,0x05,
    0x00,0x78,0x00,0x83,0x03,0x48,0x03,0x3f,0x00,0x0d,0x00,0x13,0x00,0x1a,0x00,0x20,
    0x00,0x26,0x00,0x00,0x65,0x35,0x36,0x36,0x35,0x34,0x26,0x27,0x35,0x16,0x16,0x15,
    0x14,0x06,0x25,0x35,0x33,0x37,0x11,0x27,0x05,0x11,0x16,0x16,0x15,0x14,0x06,0x03,
    0x07,0x23,0x15,0x33,0x17,0x27,0x39,0x04,0x02,0x30,0x5a,0x6e,0x6e,0x5a,0x7c,0x9c,
    0x9c,0xfd,0xcc,0xa0,0xc8,0xc8,0x01,0x18,0x2f,0x35,0x35,0xcf,0x56,0x72,0x72,0x56,
    0x64,0x83,0x52,0x1a,0x94,0x5e,0x5e,0x94,0x1a,0x52,0x1c,0xc3,0x7f,0x7f,0xc3,0xc9,
    0xf0,0xc8,0xfd,0x80,0xc8,0x28,0x01,0x42,0x16,0x58,0x34,0x33,0x57,0x01,0x08,0x56,
    0x50,0x56,0x7e,0x00,0x00,0x03,0x00,0x78,0x00,0x78,0x03,0x70,0x03,0x98,0x00,0x28,
    0x00,0x4d,0x00,0x76,0x00,0x00,0x77,0x21,0x30,0x30,0x31,0x35,0x37,0x36,0x36,0x35,
    0x34,0x26,0x27,0x27,0x35,0x30,0x30,0x31,0x23,0x27,0x26,0x26,0x23,0x22,0x06,0x07,
    0x07,0x23,0x30,0x30,0x31,0x15,0x16,0x16,0x15,0x14,0x06,0x07,0x15,0x30,0x30,0x15,
    0x22,0x26,0x35,0x35,0x32,0x36,0x35,0x34,0x26,0x27,0x35,0x34,0x36,0x33,0x33,0x36,
    0x36,0x33,0x32,0x16,0x17,0x33,0x32,0x16,0x15,0x15,0x16,0x16,0x15,0x14,0x06,0x07,
    0x15,0x14,0x06,0x23,0x03,0x31,0x30,0x30,0x31,0x31,0x30,0x30,0x31,0x30,0x30,0x31,
    0x31,0x30,0x30,0x39,0x02,0x30,0x30,0x31,0x30,0x30,0x39,0x02,0x30,0x30,0x39,0x02,
    0x30,0x30,0x31,0x30,0x30,0x39,0x02,0x30,0x30,0xc8,0x02,0x08,0x2d,0x10,0x13,0x13,
    0x10,0x2d,0xc0,0x0a,0x03,0x21,0x16,0x17,0x21,0x03,0x0a,0xbf,0x38,0x40,0x40,0x38,
    0x22,0x2e,0x30,0x48,0x48,0x30,0x2f,0x21,0x7a,0x07,0x4e,0x35,0x34,0x4e,0x08,0x7a,
    0x21,0x2f,0x24,0x2c,0x2c,0x24,0x2f,0x21,0xdc,0xc8,0xb8,0x16,0x08,0x1c,0x12,0x11,
    0x1d,0x08,0x15,0xb9,0x44,0x16,0x1e,0x1e,0x16,0x44,0x56,0x15,0x5e,0x3b,0x3c,0x5e,
    0x15,0x55,0x50,0x2e,0x22,0x98,0x3d,0x2f,0x2e,0x3c,0x02,0x98,0x21,0x2f,0x33,0x45,
    0x45,0x33,0x2f,0x21,0x86,0x12,0x44,0x28,0x29,0x44,0x11,0x86,0x22,0x2e,0x01,0x54,
    0x00,0x05,0x00,0x28,0x00,0xc8,0x03,0x98,0x03,0x20,0x00,0x07,0x00,0x0f,0x00,0x19,
    0x00,0x23,0x00,0x2d,0x00,0x00,0x40,0x36,0x34,0x26,0x22,0x06,0x14,0x16,0x36,0x26,
    0x34,0x36,0x32,0x16,0x14,0x06,0x06,0x26,0x27,0x36,0x36,0x20,0x16,0x17,0x06,0x06,
    0x02,0x30,0x31,0x38,0x03,0x31,0x30,0x30,0x16,0x36,0x37,0x26,0x26,0x22,0x06,0x07,
    0x16,0x16,0x02,0x2b,0x69,0x69,0x96,0x69,0x69,0x1e,0x3f,0x3f,0x5a,0x3f,0x3f,0xbf,
    0xf0,0x36,0x36,0xf0,0x01,0x24,0xf0,0x36,0x36,0xf0,0x92,0x71,0xbd,0x32,0x32,0xbd,
    0xe2,0xbd,0x32,0x32,0xbd,0x01,0x40,0x69,0x96,0x69,0x69,0x96,0x69,0x48,0x3f,0x5a,
    0x3f,0x3f,0x5a,0x3f,0xc0,0xa3,0x89,0x89,0xa3,0xa3,0x89,0x89,0xa3,0x01,0x2c,0xdc,
    0x77,0x65,0x65,0x77,0x77,0x65,0x65,0x77,0x00,0x00,0x00,0x03,0x00,0x2a,0x00,0x03,
    0x00,0x01,0x04,0x09,0x00,0x01,0x00,0x32,0x00,0x00,0x00,0x03,0x00,0x01,0x04,0x09,
    0x00,0x02,0x00,0x0e,0x00,0x32,0x00,0x03,0x00,0x01,0x04,0x09,0x00,0x06,0x00,0x3e,
    0x00,0x40,0x00,0x4d,0x00,0x61,0x00,0x74,0x00,0x65,0x00,0x72,0x00,0x69,0x00,0x61,
    0x00,0x6c,0x00,0x20,0x00,0x53,0x00,0x79,0x00,0x6d,0x00,0x62,0x00,0x6f,0x00,0x6c,
    0x00,0x73,0x00,0x20,0x00,0x4f,0x00,0x75,0x00,0x74,0x00,0x6c,0x00,0x69,0x00,0x6e,
    0x00,0x65,0x00,0x64,0x00,0x52,0x00,0x65,0x00,0x67,0x00,0x75,0x00,0x6c,0x00,0x61,
    0x00,0x72,0x00,0x4d,0x00,0x61,0x00,0x74,0x00,0x65,0x00,0x72,0x00,0x69,0x00,0x61,
    0x00,0x6c,0x00,0x53,0x00,0x79,0x00,0x6d,0x00,0x62,0x00,0x6f,0x00,0x6c,0x00,0x73,
    0x00,0x4f,0x00,0x75,0x00,0x74,0x00,0x6c,0x00,0x69,0x00,0x6e,0x00,0x65,0x00,0x64,
    0x00,0x2d,0x00,0x52,0x00,0x65,0x00,0x67,0x00,0x75,0x00,0x6c,0x00,0x61,0x00,0x72,
    0x00,0x03,0x00,0x00,0x00,0x00,0x00,0x00,0x00,0x00,0x00,0x00,0x00,0x00,0x00,0x01,
    0x00,0x00,0x00,0x00,0x00,0x00,0x00,0x00,0x00,0x00,0x00,0x00,0x00,0x00,0x00,0x00,
    0x00,0x01,0x00,0x01,0xff,0xff,0x00,0x0f,
};

#endif /* PSX_UI_FONT_DATA_H */
